CustomerID,CustomerName,Age,Country,JoinDate
1,Lina Al-Smadi,39,Saudi Arabia,2023-11-21
2,Rami Barakat,33,Jordan,2020-01-20
3,Khaled Haddad,41,Jordan,2021-11-17
4,Lina Hammad,50,Jordan,2020-01-03
5,Rania Al-Momani,32,Egypt,2023-09-08
6,Majed Saleh,32,Egypt,2022-02-09
7,Ali Al-Smadi,50,Jordan,2024-01-29
8,Sara Barakat,42,Qatar,2021-09-21
9,Khaled Qasem,30,Saudi Arabia,2020-07-31
10,Omar Qasem,40,Jordan,2021-02-24
11,Yousef Omari,30,Jordan,2022-12-21
12,Rania Saleh,30,Saudi Arabia,2021-05-02
13,Khaled Shami,37,UAE,2022-05-09
14,Majed Khoury,18,UAE,2022-10-04
15,Omar Darwish,18,Jordan,2020-05-02
16,Mona Omari,29,Jordan,2020-10-18
17,Zain Najjar,24,Saudi Arabia,2023-12-28
18,Rami Haddad,38,Jordan,2021-07-27
19,Yousef Darwish,25,Jordan,2020-07-09
20,Aya Al-Momani,20,Jordan,2020-03-30
21,Sara Saleh,49,Egypt,2021-04-19
22,Lina Najjar,32,Egypt,2022-11-30
23,Noor Masri,35,Saudi Arabia,2022-04-25
24,Rami Darwish,20,Egypt,2023-12-06
25,Ali Omari,29,Jordan,2022-02-01
26,Tariq Qasem,36,Saudi Arabia,2022-07-27
27,Lina Rabie,23,Jordan,2020-06-22
28,Salma Al-Momani,38,Saudi Arabia,2023-04-04
29,Rania Khoury,28,Qatar,2020-07-14
30,Noor Masri,32,Saudi Arabia,2022-11-01
31,Yousef Omari,28,Jordan,2020-09-30
32,Sara Al-Smadi,53,Saudi Arabia,2023-07-29
33,Khaled Darwish,34,Jordan,2022-03-18
34,Hassan Al-Momani,24,Egypt,2020-06-02
35,Khaled Ayoub,43,Saudi Arabia,2023-04-27
36,Lina Saleh,22,Saudi Arabia,2023-03-08
37,Rami Shami,37,Saudi Arabia,2020-05-07
38,Noor Haddad,18,Saudi Arabia,2022-06-09
39,Noor Najjar,21,Jordan,2023-09-18
40,Yousef Hammad,36,Saudi Arabia,2020-09-24
41,Rami Omari,42,Jordan,2021-04-29
42,Sara Masri,36,UAE,2021-08-20
43,Mona Qasem,33,Egypt,2021-06-18
44,Khaled Haddad,31,Egypt,2021-10-07
45,Tariq Saleh,20,Saudi Arabia,2022-03-15
46,Rami Rabie,27,Saudi Arabia,2023-12-06
47,Rania Barakat,30,Jordan,2021-10-30
48,Aya Ayoub,45,UAE,2021-10-13
49,Ali Barakat,38,Jordan,2022-07-16
50,Ali Darwish,18,Saudi Arabia,2021-07-10
51,Aya Saleh,38,Jordan,2021-04-23
52,Rami Al-Momani,31,Jordan,2020-06-01
53,Yousef Rabie,28,Saudi Arabia,2021-02-19
54,Majed Rabie,41,Jordan,2020-10-05
55,Aya Barakat,45,UAE,2023-04-12
56,Ahmad Saleh,44,Jordan,2020-08-11
57,Tariq Haddad,26,Jordan,2020-11-14
58,Rami Haddad,31,Saudi Arabia,2020-08-04
59,Khaled Omari,38,Jordan,2020-12-02
60,Rania Qasem,44,Jordan,2022-07-09
61,Rami Omari,30,UAE,2022-08-12
62,Majed Saleh,33,Jordan,2021-10-05
63,Majed Saleh,23,Egypt,2022-04-12
64,Noor Barakat,23,Jordan,2020-09-04
65,Huda Qasem,43,Jordan,2023-01-02
66,Ahmad Al-Momani,48,UAE,2022-01-03
67,Ali Ayoub,34,Jordan,2021-03-01
68,Lina Haddad,45,Jordan,2022-07-14
69,Mona Darwish,38,Jordan,2021-09-23
70,Zain Masri,28,Jordan,2022-08-06
71,Sara Saleh,38,Egypt,2021-06-26
72,Salma Masri,50,Jordan,2020-09-02
73,Tariq Qasem,34,UAE,2020-07-04
74,Rami Qasem,50,Egypt,2020-11-18
75,Omar Hammad,18,Saudi Arabia,2023-11-06
76,Lina Hammad,43,Egypt,2021-09-15
77,Rania Darwish,35,Jordan,2023-12-14
78,Rami Darwish,32,Qatar,2023-11-28
79,Aya Al-Momani,35,Jordan,2023-05-20
80,Hassan Saleh,18,Saudi Arabia,2020-03-23
81,Mona Shami,32,Saudi Arabia,2021-03-16
82,Omar Omari,38,Jordan,2021-11-02
83,Rami Qasem,49,Saudi Arabia,2020-10-30
84,Mona Qasem,29,UAE,2020-07-05
85,Lina Ayoub,26,Jordan,2023-12-27
86,Hassan Ayoub,29,Jordan,2021-05-23
87,Farah Masri,44,UAE,2021-12-29
88,Yousef Haddad,38,Saudi Arabia,2022-03-22
89,Noor Darwish,29,Qatar,2022-11-17
90,Mona Qasem,40,UAE,2020-04-10
91,Farah Rabie,35,Qatar,2023-10-18
92,Omar Masri,44,UAE,2021-09-04
93,Aya Shami,27,Jordan,2021-06-16
94,Omar Al-Momani,31,Jordan,2020-12-22
95,Noor Rabie,31,UAE,2020-03-04
96,Hassan Barakat,20,Saudi Arabia,2022-04-08
97,Ali Barakat,37,Jordan,2022-07-15
98,Majed Al-Momani,37,Jordan,2023-02-12
99,Sara Omari,35,Qatar,2023-01-31
100,Ahmad Ayoub,32,Saudi Arabia,2021-05-26
101,Sara Darwish,20,Saudi Arabia,2020-07-12
102,Rania Darwish,30,Saudi Arabia,2022-08-04
103,Huda Haddad,31,Jordan,2020-07-27
104,Ahmad Qasem,26,Jordan,2020-10-13
105,Mona Khoury,33,Jordan,2020-09-05
106,Farah Ayoub,39,Jordan,2020-01-25
107,Zain Barakat,53,UAE,2020-05-06
108,Rania Darwish,36,Saudi Arabia,2021-03-31
109,Yousef Omari,37,Egypt,2020-09-24
110,Hassan Saleh,34,Egypt,2021-02-09
111,Noor Shami,18,Jordan,2022-03-31
112,Farah Shami,34,Saudi Arabia,2022-02-01
113,Lina Barakat,35,Saudi Arabia,2023-11-06
114,Khaled Al-Momani,59,Egypt,2023-07-14
115,Aya Al-Smadi,33,Jordan,2023-08-13
116,Majed Qasem,38,Saudi Arabia,2020-06-21
117,Khaled Masri,34,Saudi Arabia,2023-04-07
118,Khaled Al-Smadi,23,Jordan,2023-04-15
119,Sara Omari,46,Jordan,2021-06-14
120,Ali Barakat,42,Saudi Arabia,2020-06-02
121,Sara Rabie,42,UAE,2020-02-14
122,Ali Ayoub,25,Jordan,2020-05-12
123,Aya Al-Momani,49,Saudi Arabia,2021-02-08
124,Farah Barakat,20,Jordan,2023-08-15
125,Rami Hammad,40,UAE,2022-06-27
126,Ahmad Barakat,56,Jordan,2020-09-20
127,Rania Haddad,25,Egypt,2020-07-07
128,Majed Masri,29,Jordan,2021-11-10
129,Ahmad Barakat,35,Jordan,2020-09-07
130,Ahmad Darwish,29,Jordan,2020-03-28
131,Zain Barakat,19,Jordan,2022-08-02
132,Lina Al-Momani,35,Saudi Arabia,2020-04-13
133,Zain Najjar,24,Jordan,2020-12-10
134,Zain Saleh,39,Egypt,2023-03-21
135,Tariq Ayoub,25,Jordan,2022-06-06
136,Ali Hammad,50,Jordan,2024-01-23
137,Lina Al-Smadi,27,Jordan,2022-03-19
138,Salma Omari,31,Jordan,2022-10-13
139,Aya Darwish,43,Jordan,2020-03-01
140,Lina Barakat,22,Saudi Arabia,2022-02-22
141,Yousef Barakat,37,Saudi Arabia,2023-10-31
142,Rania Shami,48,Saudi Arabia,2022-05-23
143,Huda Saleh,18,Saudi Arabia,2020-12-19
144,Mona Khoury,36,Saudi Arabia,2021-12-25
145,Tariq Barakat,37,Jordan,2021-03-15
146,Sara Shami,42,Saudi Arabia,2021-01-18
147,Rania Al-Momani,22,Qatar,2021-07-17
148,Ali Hammad,21,Saudi Arabia,2021-07-27
149,Rania Ayoub,40,Saudi Arabia,2022-07-02
150,Omar Al-Momani,37,Jordan,2020-10-31
151,Khaled Haddad,37,UAE,2020-03-11
152,Zain Shami,38,UAE,2023-06-11
153,Ahmad Barakat,28,Saudi Arabia,2023-06-22
154,Salma Rabie,37,Qatar,2023-06-17
155,Ali Haddad,37,Jordan,2021-05-18
156,Salma Al-Smadi,27,Jordan,2023-08-18
157,Salma Khoury,53,UAE,2021-08-27
158,Tariq Khoury,39,Egypt,2022-10-18
159,Zain Omari,23,Jordan,2022-04-23
160,Rania Hammad,41,Jordan,2023-02-01
161,Ahmad Haddad,25,Jordan,2022-09-08
162,Yousef Khoury,42,Jordan,2020-05-04
163,Yousef Al-Smadi,46,UAE,2020-06-28
164,Majed Omari,26,Saudi Arabia,2021-07-26
165,Rania Al-Smadi,44,Jordan,2022-02-23
166,Aya Al-Smadi,39,Jordan,2020-10-08
167,Ali Masri,43,Jordan,2022-05-08
168,Ahmad Qasem,53,Jordan,2021-02-12
169,Farah Haddad,32,Saudi Arabia,2023-08-09
170,Ali Qasem,27,Qatar,2022-12-12
171,Sara Ayoub,26,Egypt,2021-05-25
172,Mona Al-Momani,26,Jordan,2023-07-15
173,Sara Hammad,34,Egypt,2023-01-18
174,Khaled Saleh,38,UAE,2020-02-09
175,Lina Rabie,37,UAE,2022-02-22
176,Majed Barakat,43,Saudi Arabia,2023-12-31
177,Majed Masri,35,Jordan,2022-01-05
178,Ali Masri,49,Jordan,2022-09-09
179,Sara Saleh,32,Jordan,2023-01-20
180,Majed Masri,62,Jordan,2022-09-19
181,Farah Najjar,41,Jordan,2021-12-05
182,Rami Barakat,26,Saudi Arabia,2023-03-04
183,Aya Barakat,24,UAE,2022-10-25
184,Rami Saleh,39,Saudi Arabia,2021-10-20
185,Huda Hammad,32,Jordan,2022-03-06
186,Hassan Shami,42,Qatar,2021-07-07
187,Aya Rabie,39,Egypt,2021-01-03
188,Sara Al-Smadi,34,UAE,2020-02-23
189,Tariq Masri,26,Qatar,2021-10-15
190,Majed Al-Momani,19,Saudi Arabia,2023-05-07
191,Sara Qasem,30,Qatar,2021-03-24
192,Yousef Qasem,43,Jordan,2020-03-01
193,Rami Haddad,37,Jordan,2021-07-29
194,Noor Rabie,22,Jordan,2020-04-29
195,Sara Rabie,36,Jordan,2022-08-24
196,Khaled Najjar,38,Jordan,2022-12-20
197,Hassan Haddad,26,Saudi Arabia,2022-01-02
198,Tariq Ayoub,36,UAE,2023-04-11
199,Rania Omari,35,Saudi Arabia,2021-04-21
200,Hassan Masri,23,Jordan,2020-11-22
201,Farah Al-Smadi,38,Egypt,2020-07-24
202,Rania Khoury,40,Saudi Arabia,2021-05-22
203,Lina Rabie,45,Jordan,2023-09-07
204,Huda Khoury,45,Saudi Arabia,2021-05-08
205,Lina Rabie,21,Jordan,2021-06-29
206,Lina Omari,25,Jordan,2022-12-28
207,Rania Haddad,40,Egypt,2020-04-24
208,Rami Khoury,40,Jordan,2021-03-25
209,Yousef Omari,40,Saudi Arabia,2023-03-25
210,Aya Barakat,70,Egypt,2022-03-06
211,Rami Qasem,40,UAE,2021-12-27
212,Ahmad Khoury,46,Jordan,2020-12-21
213,Ali Al-Momani,44,Jordan,2020-12-26
214,Zain Ayoub,41,Jordan,2021-04-29
215,Rami Al-Smadi,31,Saudi Arabia,2023-04-28
216,Omar Najjar,42,Saudi Arabia,2021-10-13
217,Huda Hammad,27,Jordan,2023-11-29
218,Rami Haddad,32,Qatar,2022-01-04
219,Tariq Qasem,30,Saudi Arabia,2023-04-26
220,Zain Qasem,35,Jordan,2020-02-27
221,Omar Al-Momani,58,Saudi Arabia,2023-12-11
222,Sara Rabie,18,Saudi Arabia,2023-12-05
223,Huda Qasem,41,Jordan,2021-12-21
224,Ali Ayoub,18,Jordan,2023-03-08
225,Noor Masri,30,Egypt,2023-02-28
226,Rania Haddad,45,Saudi Arabia,2020-10-18
227,Zain Haddad,35,Saudi Arabia,2023-02-27
228,Ali Khoury,24,Saudi Arabia,2021-01-20
229,Noor Rabie,27,Jordan,2022-10-05
230,Ali Rabie,41,Jordan,2023-01-15
231,Noor Barakat,27,Saudi Arabia,2021-09-24
232,Khaled Hammad,37,Jordan,2020-12-25
233,Lina Najjar,35,Jordan,2022-10-01
234,Rania Rabie,28,Egypt,2020-03-18
235,Zain Masri,56,Qatar,2020-07-03
236,Huda Rabie,41,UAE,2020-04-25
237,Khaled Ayoub,18,Egypt,2021-04-21
238,Mona Darwish,36,Jordan,2023-05-17
239,Mona Rabie,28,Qatar,2021-03-24
240,Zain Al-Smadi,43,Jordan,2020-02-10
241,Mona Omari,27,Qatar,2022-12-14
242,Aya Darwish,33,Qatar,2022-09-05
243,Zain Darwish,40,UAE,2020-01-02
244,Khaled Khoury,43,Qatar,2021-11-10
245,Mona Darwish,22,Saudi Arabia,2023-06-11
246,Lina Saleh,31,Jordan,2021-02-16
247,Ali Ayoub,30,Saudi Arabia,2020-09-24
248,Ahmad Barakat,28,Saudi Arabia,2021-11-28
249,Yousef Ayoub,52,Jordan,2024-01-08
250,Tariq Najjar,39,Saudi Arabia,2020-12-29
251,Hassan Ayoub,22,Qatar,2021-10-24
252,Khaled Barakat,44,Jordan,2020-05-01
253,Omar Hammad,56,UAE,2020-02-14
254,Yousef Saleh,45,Egypt,2020-10-29
255,Aya Khoury,19,Egypt,2023-04-16
256,Sara Darwish,30,Qatar,2023-12-14
257,Rami Najjar,47,Saudi Arabia,2020-10-17
258,Farah Saleh,27,Qatar,2020-08-15
259,Rania Najjar,39,UAE,2022-12-13
260,Omar Al-Momani,42,Jordan,2022-01-17
261,Rami Haddad,25,Saudi Arabia,2020-05-28
262,Majed Khoury,34,UAE,2022-02-04
263,Ali Al-Momani,18,Jordan,2023-12-13
264,Zain Najjar,24,Saudi Arabia,2023-09-18
265,Aya Saleh,32,Saudi Arabia,2022-03-21
266,Farah Al-Momani,22,Jordan,2023-04-15
267,Salma Rabie,51,Saudi Arabia,2020-07-25
268,Majed Barakat,20,UAE,2021-11-20
269,Rami Al-Smadi,30,Saudi Arabia,2021-09-10
270,Zain Al-Smadi,36,Jordan,2021-10-22
271,Farah Rabie,49,Jordan,2020-10-06
272,Rania Hammad,20,Jordan,2020-11-18
273,Yousef Najjar,46,Egypt,2024-02-08
274,Zain Al-Momani,35,Jordan,2022-06-13
275,Aya Masri,25,Saudi Arabia,2023-08-02
276,Aya Hammad,39,Jordan,2022-09-24
277,Lina Omari,36,Jordan,2023-08-22
278,Hassan Qasem,28,Egypt,2021-10-11
279,Hassan Hammad,35,UAE,2020-12-22
280,Zain Najjar,31,Jordan,2023-12-19
281,Salma Omari,36,Saudi Arabia,2023-02-24
282,Hassan Qasem,41,Jordan,2023-11-21
283,Huda Barakat,50,Saudi Arabia,2023-06-10
284,Zain Hammad,22,Saudi Arabia,2021-12-31
285,Salma Hammad,56,Jordan,2021-04-02
286,Mona Masri,18,Jordan,2023-09-25
287,Majed Khoury,33,Jordan,2023-04-21
288,Salma Qasem,40,Egypt,2020-12-25
289,Omar Khoury,37,Qatar,2022-02-13
290,Hassan Barakat,28,Jordan,2021-09-20
291,Zain Darwish,32,UAE,2023-11-11
292,Majed Masri,30,Jordan,2021-08-26
293,Aya Shami,29,Jordan,2020-09-17
294,Tariq Shami,43,UAE,2020-12-29
295,Yousef Qasem,38,Egypt,2024-02-01
296,Ahmad Darwish,28,Qatar,2020-01-04
297,Mona Hammad,43,Saudi Arabia,2023-12-08
298,Sara Khoury,38,Jordan,2023-03-19
299,Farah Hammad,43,UAE,2022-03-12
300,Aya Al-Momani,41,Jordan,2023-03-08
301,Khaled Hammad,26,Saudi Arabia,2020-03-07
302,Hassan Barakat,29,Jordan,2021-01-07
303,Yousef Haddad,42,Saudi Arabia,2023-05-18
304,Omar Al-Smadi,41,Jordan,2021-10-13
305,Khaled Shami,34,Jordan,2023-06-06
306,Sara Shami,36,Egypt,2021-03-28
307,Zain Rabie,47,Jordan,2023-08-02
308,Majed Barakat,29,Saudi Arabia,2023-03-04
309,Salma Shami,40,Jordan,2020-08-01
310,Salma Barakat,32,Jordan,2022-10-13
311,Huda Hammad,32,Jordan,2020-10-15
312,Omar Rabie,45,Jordan,2021-11-09
313,Lina Darwish,43,Egypt,2020-06-08
314,Zain Barakat,43,Jordan,2021-05-02
315,Mona Darwish,48,Qatar,2021-12-11
316,Farah Shami,35,Saudi Arabia,2021-10-16
317,Ali Qasem,41,Saudi Arabia,2020-12-09
318,Khaled Rabie,31,Saudi Arabia,2023-07-26
319,Lina Shami,38,Saudi Arabia,2020-06-30
320,Huda Darwish,33,UAE,2023-12-22
321,Tariq Hammad,35,Jordan,2023-10-04
322,Farah Qasem,40,Jordan,2023-08-01
323,Aya Darwish,26,Egypt,2024-02-02
324,Tariq Masri,55,Egypt,2021-11-18
325,Farah Saleh,24,Egypt,2022-07-03
326,Rania Shami,22,Saudi Arabia,2020-01-24
327,Mona Omari,46,UAE,2021-06-27
328,Ahmad Shami,42,Saudi Arabia,2021-03-05
329,Rami Darwish,41,Saudi Arabia,2021-05-26
330,Khaled Ayoub,41,Jordan,2023-11-20
331,Rami Darwish,34,Saudi Arabia,2020-05-18
332,Farah Shami,26,Jordan,2021-12-18
333,Khaled Khoury,35,Jordan,2021-06-09
334,Tariq Al-Momani,28,Egypt,2020-08-09
335,Hassan Barakat,44,Jordan,2024-01-15
336,Rami Najjar,33,Jordan,2020-01-03
337,Aya Rabie,26,Jordan,2020-04-08
338,Rania Al-Momani,31,Egypt,2022-03-01
339,Huda Haddad,39,Saudi Arabia,2022-06-16
340,Khaled Saleh,29,Saudi Arabia,2024-02-09
341,Huda Omari,26,Egypt,2022-05-09
342,Yousef Al-Momani,37,Egypt,2020-12-06
343,Zain Saleh,37,Jordan,2022-04-27
344,Aya Qasem,29,Saudi Arabia,2022-10-06
345,Tariq Saleh,30,UAE,2022-02-14
346,Ali Barakat,37,Saudi Arabia,2021-12-20
347,Zain Saleh,20,Jordan,2023-01-23
348,Majed Omari,20,Egypt,2022-02-07
349,Omar Ayoub,27,Saudi Arabia,2020-07-26
350,Majed Saleh,32,Jordan,2022-09-08
351,Ahmad Al-Smadi,38,Saudi Arabia,2023-03-29
352,Noor Khoury,49,Jordan,2023-08-26
353,Salma Ayoub,43,Jordan,2023-11-08
354,Zain Qasem,33,UAE,2021-04-06
355,Rania Darwish,34,Jordan,2020-11-29
356,Khaled Shami,24,Saudi Arabia,2022-07-13
357,Khaled Khoury,34,Saudi Arabia,2020-05-30
358,Zain Shami,32,Jordan,2020-03-09
359,Omar Saleh,38,Qatar,2021-08-26
360,Aya Hammad,26,Jordan,2020-02-11
361,Salma Omari,40,Jordan,2021-10-14
362,Mona Ayoub,50,Jordan,2021-06-18
363,Tariq Rabie,33,Jordan,2020-08-02
364,Huda Masri,39,Jordan,2020-05-31
365,Rania Al-Smadi,41,UAE,2021-12-01
366,Salma Masri,30,Qatar,2020-12-14
367,Majed Hammad,37,Jordan,2022-02-07
368,Omar Al-Momani,35,Saudi Arabia,2020-11-25
369,Zain Haddad,35,UAE,2024-02-08
370,Tariq Haddad,27,Egypt,2020-06-02
371,Ali Khoury,35,Saudi Arabia,2023-01-25
372,Salma Najjar,39,Jordan,2020-07-09
373,Yousef Shami,49,Jordan,2021-11-23
374,Aya Najjar,44,UAE,2023-05-01
375,Salma Khoury,56,Egypt,2023-06-10
376,Zain Khoury,27,Jordan,2022-09-15
377,Sara Shami,43,Jordan,2023-12-13
378,Omar Omari,36,Egypt,2020-03-04
379,Rania Al-Smadi,56,Egypt,2022-06-02
380,Noor Barakat,26,Qatar,2023-08-31
381,Sara Darwish,26,UAE,2020-12-03
382,Ali Darwish,29,Jordan,2023-05-28
383,Omar Barakat,18,Saudi Arabia,2022-06-08
384,Yousef Ayoub,29,Saudi Arabia,2020-11-17
385,Omar Masri,27,Jordan,2020-04-19
386,Huda Barakat,36,Saudi Arabia,2020-07-26
387,Huda Shami,38,UAE,2021-11-09
388,Lina Masri,53,Jordan,2021-02-24
389,Yousef Shami,44,UAE,2021-01-24
390,Rami Darwish,29,Saudi Arabia,2022-04-18
391,Noor Haddad,26,Qatar,2023-11-28
392,Lina Darwish,39,Jordan,2023-02-08
393,Mona Khoury,21,Jordan,2024-01-18
394,Lina Masri,53,Saudi Arabia,2024-02-03
395,Omar Rabie,46,Jordan,2023-01-11
396,Hassan Masri,30,UAE,2021-06-27
397,Salma Saleh,18,UAE,2023-09-14
398,Yousef Al-Momani,48,Jordan,2021-07-30
399,Majed Omari,33,Saudi Arabia,2021-09-01
400,Khaled Al-Momani,47,Saudi Arabia,2021-05-01
401,Hassan Ayoub,19,Jordan,2020-07-15
402,Lina Darwish,29,Egypt,2020-04-11
403,Majed Darwish,35,Egypt,2022-03-15
404,Ali Najjar,35,Saudi Arabia,2023-03-16
405,Rania Saleh,30,UAE,2023-01-30
406,Noor Al-Momani,41,Saudi Arabia,2022-10-02
407,Farah Hammad,24,Egypt,2020-11-10
408,Aya Al-Smadi,33,Saudi Arabia,2020-04-21
409,Zain Ayoub,36,UAE,2022-01-08
410,Ahmad Al-Momani,40,Egypt,2020-01-08
411,Zain Najjar,42,Jordan,2022-05-25
412,Tariq Omari,23,Egypt,2020-06-28
413,Huda Saleh,19,Jordan,2021-08-26
414,Mona Omari,47,Jordan,2023-09-17
415,Farah Hammad,38,Jordan,2023-07-04
416,Rami Masri,27,Qatar,2023-05-14
417,Rania Darwish,50,Egypt,2022-09-10
418,Ahmad Shami,36,UAE,2021-02-12
419,Zain Ayoub,46,UAE,2020-07-17
420,Majed Khoury,35,Saudi Arabia,2020-02-22
421,Aya Ayoub,55,Egypt,2021-02-27
422,Khaled Ayoub,52,Saudi Arabia,2020-12-15
423,Sara Khoury,32,Jordan,2023-07-31
424,Tariq Barakat,44,Jordan,2021-08-20
425,Tariq Masri,41,UAE,2020-06-16
426,Salma Najjar,48,UAE,2022-08-27
427,Omar Shami,25,Jordan,2020-08-24
428,Aya Haddad,41,Jordan,2021-09-23
429,Ahmad Barakat,45,Egypt,2022-03-25
430,Noor Darwish,18,Jordan,2022-08-22
431,Rami Najjar,23,UAE,2022-09-28
432,Rami Rabie,18,Qatar,2023-09-15
433,Rami Qasem,32,Saudi Arabia,2021-06-26
434,Omar Qasem,42,Jordan,2020-07-05
435,Yousef Al-Momani,50,UAE,2023-08-07
436,Khaled Omari,35,Egypt,2023-01-19
437,Zain Shami,51,Saudi Arabia,2022-03-04
438,Rania Darwish,21,Qatar,2021-01-13
439,Khaled Omari,18,Jordan,2022-01-29
440,Ahmad Hammad,34,Saudi Arabia,2022-02-20
441,Ahmad Shami,38,UAE,2022-01-26
442,Omar Al-Momani,34,Egypt,2021-01-17
443,Hassan Barakat,18,Jordan,2022-07-01
444,Salma Omari,34,Egypt,2020-04-01
445,Khaled Khoury,21,Saudi Arabia,2021-06-23
446,Majed Najjar,41,Jordan,2022-06-19
447,Ahmad Qasem,38,Jordan,2022-08-10
448,Farah Najjar,25,Egypt,2021-06-23
449,Zain Omari,29,Jordan,2021-04-08
450,Rania Najjar,24,Jordan,2021-07-04
451,Noor Omari,34,Jordan,2023-03-01
452,Tariq Khoury,44,Egypt,2020-05-06
453,Hassan Khoury,25,Saudi Arabia,2020-11-05
454,Khaled Al-Momani,40,UAE,2023-11-27
455,Yousef Najjar,29,Jordan,2023-09-28
456,Lina Omari,27,Saudi Arabia,2020-07-17
457,Rania Darwish,33,Saudi Arabia,2020-06-24
458,Mona Barakat,24,Egypt,2023-09-30
459,Yousef Omari,29,Egypt,2021-12-05
460,Ahmad Khoury,23,Jordan,2023-01-13
461,Majed Darwish,54,Saudi Arabia,2022-04-27
462,Farah Masri,35,Jordan,2023-04-22
463,Hassan Al-Momani,28,Saudi Arabia,2021-04-10
464,Yousef Khoury,37,Jordan,2023-02-07
465,Khaled Najjar,33,Jordan,2020-05-04
466,Mona Khoury,32,Jordan,2022-03-03
467,Omar Omari,41,Saudi Arabia,2022-12-06
468,Rania Haddad,42,Jordan,2022-05-07
469,Rami Al-Smadi,29,UAE,2023-01-01
470,Ali Qasem,29,Saudi Arabia,2023-11-08
471,Hassan Omari,32,Jordan,2022-08-30
472,Huda Hammad,18,UAE,2023-03-18
473,Ahmad Al-Momani,19,Jordan,2021-04-27
474,Omar Masri,48,Saudi Arabia,2022-09-02
475,Hassan Shami,51,Saudi Arabia,2021-09-04
476,Ahmad Shami,32,Jordan,2020-06-10
477,Aya Haddad,40,Jordan,2022-03-19
478,Ali Khoury,38,Jordan,2024-01-02
479,Ahmad Al-Momani,65,Egypt,2020-03-12
480,Sara Saleh,46,Saudi Arabia,2022-10-25
481,Ahmad Al-Momani,33,Saudi Arabia,2023-03-15
482,Majed Hammad,25,Saudi Arabia,2022-11-24
483,Ali Haddad,18,Jordan,2023-03-16
484,Huda Darwish,37,Saudi Arabia,2023-10-19
485,Majed Khoury,27,UAE,2023-06-24
486,Sara Barakat,20,Jordan,2020-10-28
487,Lina Qasem,28,Jordan,2020-09-03
488,Zain Masri,24,Jordan,2022-07-08
489,Khaled Darwish,51,Saudi Arabia,2020-12-20
490,Farah Saleh,43,Qatar,2020-12-08
491,Tariq Rabie,34,Jordan,2021-03-09
492,Tariq Khoury,49,Saudi Arabia,2021-01-29
493,Majed Saleh,35,Jordan,2020-09-15
494,Hassan Masri,26,Qatar,2020-03-28
495,Ali Masri,50,Jordan,2022-05-17
496,Lina Darwish,40,Saudi Arabia,2020-06-09
497,Yousef Hammad,24,UAE,2023-10-31
498,Yousef Khoury,33,UAE,2022-06-10
499,Sara Haddad,26,Saudi Arabia,2021-02-17
500,Khaled Haddad,21,Jordan,2023-07-08
501,Rania Al-Momani,44,Jordan,2020-10-29
502,Mona Al-Smadi,54,Jordan,2023-05-03
503,Zain Shami,21,Jordan,2021-06-12
504,Ahmad Khoury,40,Saudi Arabia,2021-10-16
505,Ali Barakat,28,Jordan,2024-01-29
506,Hassan Omari,30,Jordan,2020-05-17
507,Hassan Omari,29,Saudi Arabia,2020-06-27
508,Tariq Al-Momani,26,Qatar,2022-03-05
509,Khaled Rabie,35,Saudi Arabia,2023-02-13
510,Rami Darwish,26,Jordan,2022-03-24
511,Majed Hammad,37,Jordan,2023-02-04
512,Yousef Saleh,34,Qatar,2021-10-29
513,Lina Qasem,32,Jordan,2021-07-19
514,Khaled Hammad,25,Jordan,2022-11-30
515,Huda Rabie,29,Saudi Arabia,2022-07-27
516,Rami Ayoub,42,Saudi Arabia,2020-01-26
517,Huda Al-Momani,40,Saudi Arabia,2023-12-05
518,Ali Haddad,25,Jordan,2023-06-30
519,Hassan Masri,35,Jordan,2023-04-18
520,Majed Rabie,42,Qatar,2022-12-06
521,Hassan Shami,18,Jordan,2022-05-09
522,Lina Shami,40,Saudi Arabia,2020-08-18
523,Hassan Omari,28,UAE,2022-04-28
524,Salma Khoury,40,Saudi Arabia,2020-11-02
525,Farah Qasem,27,Jordan,2020-10-30
526,Ahmad Shami,18,Jordan,2023-03-06
527,Sara Masri,18,Saudi Arabia,2023-04-19
528,Ali Rabie,35,Egypt,2023-04-08
529,Zain Omari,37,Egypt,2020-07-24
530,Aya Masri,25,Jordan,2020-08-04
531,Rami Al-Smadi,41,Jordan,2023-02-26
532,Sara Barakat,18,Egypt,2020-07-25
533,Majed Masri,34,UAE,2021-08-08
534,Omar Darwish,22,Egypt,2023-01-01
535,Rami Masri,28,Jordan,2021-12-05
536,Ali Darwish,35,Saudi Arabia,2022-04-21
537,Mona Shami,26,UAE,2021-06-24
538,Farah Hammad,31,Saudi Arabia,2022-02-23
539,Tariq Rabie,45,Saudi Arabia,2023-09-03
540,Rami Haddad,29,Jordan,2022-09-21
541,Majed Saleh,43,Saudi Arabia,2023-03-17
542,Ahmad Al-Momani,23,Jordan,2023-06-01
543,Ahmad Najjar,40,Saudi Arabia,2022-08-26
544,Zain Najjar,49,Qatar,2020-03-17
545,Aya Hammad,18,Jordan,2020-12-18
546,Lina Ayoub,27,Egypt,2021-07-18
547,Mona Najjar,40,Jordan,2022-04-05
548,Zain Omari,32,Saudi Arabia,2020-10-21
549,Ahmad Khoury,38,Qatar,2023-06-20
550,Salma Ayoub,28,Jordan,2023-05-31
551,Rania Al-Smadi,35,Jordan,2023-10-26
552,Tariq Al-Momani,33,Saudi Arabia,2023-11-21
553,Aya Khoury,46,Jordan,2022-04-02
554,Aya Al-Momani,37,UAE,2020-03-20
555,Salma Ayoub,38,Egypt,2022-03-21
556,Farah Ayoub,30,Saudi Arabia,2021-11-09
557,Omar Hammad,30,Jordan,2023-11-15
558,Rania Shami,30,Saudi Arabia,2021-05-01
559,Zain Al-Smadi,38,UAE,2020-04-10
560,Yousef Qasem,30,Jordan,2022-08-31
561,Noor Masri,37,Saudi Arabia,2021-07-04
562,Ahmad Hammad,55,Saudi Arabia,2022-02-01
563,Tariq Darwish,43,Saudi Arabia,2020-02-11
564,Ali Barakat,31,Jordan,2021-11-22
565,Rami Qasem,47,UAE,2021-09-12
566,Huda Rabie,30,Jordan,2021-09-28
567,Hassan Shami,18,Jordan,2021-07-28
568,Ahmad Al-Momani,24,Egypt,2022-10-03
569,Omar Hammad,18,UAE,2023-11-26
570,Khaled Omari,31,Jordan,2023-11-03
571,Mona Khoury,35,Jordan,2020-07-20
572,Rania Al-Smadi,51,Jordan,2021-04-11
573,Rania Saleh,38,Jordan,2020-10-02
574,Sara Barakat,32,Jordan,2021-09-07
575,Lina Shami,43,Jordan,2022-06-26
576,Lina Hammad,18,Saudi Arabia,2021-10-19
577,Huda Shami,37,UAE,2021-07-05
578,Hassan Qasem,42,Saudi Arabia,2024-02-01
579,Rami Saleh,20,Saudi Arabia,2022-05-03
580,Ahmad Shami,46,Jordan,2023-05-23
581,Khaled Shami,38,Qatar,2023-08-15
582,Rania Haddad,30,Egypt,2020-07-01
583,Salma Barakat,41,Egypt,2021-01-19
584,Farah Omari,57,Egypt,2022-06-23
585,Huda Ayoub,36,Egypt,2021-03-08
586,Sara Khoury,37,Saudi Arabia,2022-04-13
587,Zain Najjar,30,Jordan,2022-09-19
588,Farah Khoury,26,Saudi Arabia,2022-11-23
589,Omar Khoury,43,UAE,2022-02-04
590,Hassan Ayoub,26,UAE,2020-04-25
591,Majed Masri,35,Saudi Arabia,2022-11-21
592,Ahmad Ayoub,30,Jordan,2020-11-21
593,Huda Shami,39,Jordan,2020-05-14
594,Rania Shami,38,Egypt,2021-09-29
595,Noor Najjar,45,Saudi Arabia,2023-12-24
596,Rania Darwish,29,Saudi Arabia,2022-11-03
597,Rania Saleh,32,Jordan,2022-04-06
598,Tariq Rabie,25,Jordan,2020-10-04
599,Aya Ayoub,30,Egypt,2022-12-09
600,Yousef Omari,38,Saudi Arabia,2023-03-10
601,Khaled Masri,42,UAE,2020-02-29
602,Salma Barakat,25,Saudi Arabia,2020-12-21
603,Zain Al-Smadi,43,Saudi Arabia,2021-01-29
604,Aya Omari,48,Jordan,2021-02-15
605,Ahmad Omari,39,UAE,2020-04-28
606,Salma Saleh,53,Saudi Arabia,2021-05-25
607,Huda Shami,27,Saudi Arabia,2020-03-08
608,Ali Haddad,22,Saudi Arabia,2022-07-23
609,Farah Masri,18,Egypt,2020-04-13
610,Aya Ayoub,49,Jordan,2022-01-08
611,Lina Ayoub,41,Egypt,2023-12-14
612,Tariq Al-Momani,34,Jordan,2021-02-11
613,Farah Rabie,37,Saudi Arabia,2021-07-15
614,Tariq Al-Smadi,23,Jordan,2022-01-24
615,Huda Saleh,59,Jordan,2022-08-08
616,Huda Al-Momani,36,Saudi Arabia,2022-10-31
617,Ahmad Darwish,36,Jordan,2022-03-23
618,Rami Najjar,42,Saudi Arabia,2023-07-25
619,Salma Hammad,39,Egypt,2020-09-10
620,Sara Ayoub,37,Jordan,2023-10-27
621,Aya Ayoub,27,UAE,2020-03-03
622,Rania Saleh,39,Saudi Arabia,2021-05-10
623,Aya Hammad,53,Saudi Arabia,2022-02-01
624,Ahmad Ayoub,48,Jordan,2022-09-28
625,Rania Al-Smadi,50,Jordan,2023-05-01
626,Sara Barakat,29,Jordan,2022-07-02
627,Hassan Barakat,25,Jordan,2020-12-29
628,Sara Saleh,33,Jordan,2022-08-29
629,Lina Darwish,35,Saudi Arabia,2023-04-16
630,Lina Shami,45,Egypt,2023-02-03
631,Mona Omari,18,Egypt,2021-12-17
632,Hassan Rabie,50,Saudi Arabia,2021-12-06
633,Omar Al-Smadi,33,Jordan,2020-11-30
634,Aya Darwish,30,Jordan,2021-06-13
635,Ali Khoury,24,Jordan,2023-11-11
636,Noor Najjar,18,Jordan,2020-07-04
637,Zain Haddad,43,Saudi Arabia,2021-08-06
638,Khaled Qasem,35,Saudi Arabia,2020-02-26
639,Zain Masri,22,Jordan,2022-03-02
640,Mona Haddad,22,Jordan,2020-04-11
641,Mona Al-Momani,31,Egypt,2020-11-29
642,Salma Masri,51,UAE,2023-03-17
643,Khaled Shami,32,Jordan,2021-03-14
644,Majed Haddad,19,Egypt,2021-03-29
645,Khaled Shami,32,Qatar,2023-08-18
646,Rami Shami,32,Jordan,2021-04-06
647,Rami Hammad,18,Jordan,2023-10-19
648,Omar Rabie,34,Saudi Arabia,2021-02-27
649,Tariq Rabie,32,Egypt,2021-07-05
650,Hassan Hammad,41,Egypt,2023-08-27
651,Rania Haddad,53,Jordan,2022-04-18
652,Sara Shami,46,Jordan,2022-11-17
653,Noor Masri,32,Saudi Arabia,2020-02-11
654,Hassan Hammad,23,Saudi Arabia,2023-10-29
655,Zain Omari,60,Jordan,2020-01-19
656,Rami Shami,35,Egypt,2022-08-28
657,Hassan Barakat,35,Saudi Arabia,2020-09-27
658,Salma Ayoub,34,Egypt,2023-08-18
659,Ahmad Al-Momani,36,Egypt,2020-12-20
660,Khaled Saleh,33,UAE,2023-05-16
661,Majed Najjar,29,Saudi Arabia,2020-01-18
662,Majed Khoury,29,Saudi Arabia,2021-04-03
663,Hassan Al-Smadi,34,Jordan,2021-05-31
664,Salma Khoury,29,Saudi Arabia,2023-05-30
665,Omar Masri,27,Jordan,2021-09-17
666,Ali Rabie,36,Saudi Arabia,2023-12-30
667,Ahmad Ayoub,32,Jordan,2023-12-23
668,Hassan Darwish,50,Jordan,2023-08-09
669,Khaled Masri,18,Jordan,2021-07-17
670,Noor Barakat,45,Jordan,2022-05-17
671,Yousef Masri,47,UAE,2022-02-10
672,Rami Hammad,18,UAE,2021-12-15
673,Huda Hammad,31,Saudi Arabia,2022-07-29
674,Lina Rabie,31,Jordan,2021-05-31
675,Ali Khoury,20,Jordan,2021-03-22
676,Tariq Al-Smadi,27,Jordan,2022-08-13
677,Majed Najjar,23,Jordan,2021-09-10
678,Huda Al-Momani,52,Egypt,2023-10-18
679,Hassan Najjar,44,Jordan,2022-12-02
680,Zain Haddad,47,Jordan,2023-07-01
681,Yousef Haddad,42,Jordan,2022-03-24
682,Rania Rabie,23,Jordan,2023-04-12
683,Noor Qasem,29,Saudi Arabia,2020-07-28
684,Farah Rabie,39,Saudi Arabia,2020-01-16
685,Rami Ayoub,22,Jordan,2022-11-13
686,Mona Khoury,42,Jordan,2023-09-18
687,Ahmad Darwish,32,Jordan,2022-02-05
688,Hassan Omari,31,Jordan,2023-02-23
689,Aya Darwish,42,Jordan,2023-08-18
690,Lina Shami,39,Qatar,2023-05-01
691,Sara Haddad,31,Saudi Arabia,2023-06-01
692,Khaled Ayoub,46,Saudi Arabia,2021-08-01
693,Salma Ayoub,24,Saudi Arabia,2021-09-03
694,Rania Najjar,41,Saudi Arabia,2023-11-02
695,Sara Darwish,40,Saudi Arabia,2020-08-09
696,Salma Al-Smadi,31,Saudi Arabia,2022-09-13
697,Rami Qasem,38,UAE,2020-05-10
698,Lina Shami,22,Jordan,2021-11-19
699,Noor Hammad,44,Saudi Arabia,2021-07-20
700,Rami Masri,33,Saudi Arabia,2023-08-04
701,Salma Ayoub,29,Egypt,2021-10-27
702,Noor Al-Momani,45,Saudi Arabia,2021-07-21
703,Khaled Shami,27,Saudi Arabia,2021-06-18
704,Omar Masri,20,Jordan,2023-09-05
705,Rania Najjar,19,Saudi Arabia,2023-12-27
706,Khaled Hammad,41,Jordan,2023-08-27
707,Sara Hammad,22,Jordan,2021-09-03
708,Tariq Rabie,52,Jordan,2021-01-20
709,Hassan Hammad,18,Saudi Arabia,2020-11-03
710,Zain Al-Momani,51,Jordan,2022-11-25
711,Huda Al-Smadi,37,Jordan,2021-05-07
712,Ali Khoury,34,Egypt,2020-04-26
713,Ahmad Al-Momani,29,Jordan,2023-05-13
714,Lina Barakat,38,Saudi Arabia,2022-04-07
715,Rania Haddad,34,Saudi Arabia,2023-09-14
716,Salma Shami,46,Jordan,2021-10-16
717,Noor Hammad,36,UAE,2023-10-26
718,Rania Saleh,36,Jordan,2020-10-13
719,Majed Omari,31,Saudi Arabia,2024-01-17
720,Huda Rabie,34,Saudi Arabia,2020-02-22
721,Zain Hammad,38,Saudi Arabia,2023-09-04
722,Lina Ayoub,18,Saudi Arabia,2022-10-15
723,Ahmad Masri,21,Jordan,2021-08-28
724,Zain Khoury,42,Jordan,2021-06-15
725,Ali Omari,36,UAE,2022-05-07
726,Noor Barakat,33,Saudi Arabia,2022-04-08
727,Tariq Shami,35,Egypt,2022-03-06
728,Khaled Ayoub,38,Egypt,2020-03-13
729,Noor Al-Momani,29,Egypt,2023-04-09
730,Noor Qasem,27,Saudi Arabia,2023-12-21
731,Noor Al-Smadi,36,Jordan,2023-03-17
732,Salma Khoury,25,UAE,2021-01-23
733,Yousef Al-Momani,39,Saudi Arabia,2021-12-03
734,Tariq Al-Momani,18,Jordan,2024-01-27
735,Yousef Hammad,45,Egypt,2023-12-31
736,Omar Al-Smadi,39,Egypt,2021-03-31
737,Aya Barakat,37,Saudi Arabia,2023-11-06
738,Huda Darwish,44,Jordan,2022-12-30
739,Majed Barakat,51,Jordan,2023-07-31
740,Sara Ayoub,45,Egypt,2022-09-01
741,Rania Barakat,18,Egypt,2023-10-07
742,Majed Barakat,22,Jordan,2022-01-04
743,Khaled Najjar,28,Jordan,2022-11-04
744,Huda Darwish,35,Egypt,2021-09-06
745,Omar Khoury,40,Jordan,2020-12-14
746,Huda Haddad,27,Saudi Arabia,2023-09-08
747,Rania Khoury,36,Qatar,2023-02-17
748,Mona Al-Momani,27,Jordan,2021-01-05
749,Omar Haddad,28,Saudi Arabia,2021-08-24
750,Omar Najjar,20,Jordan,2020-07-18
751,Khaled Masri,25,Jordan,2022-08-22
752,Aya Al-Smadi,21,Egypt,2020-09-19
753,Mona Khoury,25,Saudi Arabia,2021-06-13
754,Ali Haddad,45,Qatar,2024-01-25
755,Zain Qasem,25,Saudi Arabia,2023-02-18
756,Lina Omari,61,Jordan,2021-01-09
757,Sara Shami,39,Jordan,2023-10-24
758,Tariq Darwish,36,Jordan,2021-11-18
759,Noor Qasem,26,Jordan,2023-09-02
760,Majed Al-Momani,42,Jordan,2020-07-01
761,Tariq Qasem,29,Jordan,2021-03-31
762,Khaled Masri,36,Saudi Arabia,2021-12-28
763,Ali Omari,60,UAE,2021-04-02
764,Farah Khoury,34,Saudi Arabia,2021-09-20
765,Tariq Hammad,46,UAE,2022-05-11
766,Omar Al-Smadi,27,Jordan,2021-11-09
767,Ahmad Ayoub,34,Jordan,2022-01-31
768,Salma Saleh,52,Saudi Arabia,2021-06-17
769,Lina Shami,28,Saudi Arabia,2023-04-14
770,Tariq Al-Momani,53,Jordan,2021-08-25
771,Sara Najjar,42,Egypt,2022-08-07
772,Huda Al-Momani,29,UAE,2020-08-29
773,Huda Khoury,41,Saudi Arabia,2022-08-21
774,Majed Qasem,44,Jordan,2020-04-19
775,Aya Saleh,41,UAE,2023-07-23
776,Farah Khoury,19,Saudi Arabia,2023-04-10
777,Tariq Qasem,27,UAE,2023-04-03
778,Zain Al-Momani,32,UAE,2023-06-25
779,Lina Ayoub,34,Egypt,2020-05-25
780,Rania Omari,41,Saudi Arabia,2022-08-25
781,Yousef Saleh,36,Jordan,2021-02-02
782,Tariq Rabie,21,Saudi Arabia,2022-10-21
783,Khaled Saleh,38,Saudi Arabia,2020-09-02
784,Aya Ayoub,41,UAE,2023-10-26
785,Tariq Saleh,40,Jordan,2022-02-20
786,Zain Omari,45,Jordan,2022-12-21
787,Lina Najjar,43,Egypt,2021-09-03
788,Zain Najjar,39,UAE,2022-04-26
789,Rami Najjar,34,Egypt,2020-04-20
790,Huda Hammad,18,UAE,2020-11-04
791,Ahmad Al-Momani,39,Saudi Arabia,2020-10-08
792,Sara Ayoub,37,Saudi Arabia,2021-02-14
793,Sara Al-Momani,37,Egypt,2021-12-02
794,Zain Al-Momani,22,Saudi Arabia,2022-04-18
795,Noor Darwish,24,Saudi Arabia,2023-03-12
796,Huda Qasem,45,Jordan,2022-07-26
797,Ali Masri,34,Saudi Arabia,2020-10-20
798,Rania Qasem,41,UAE,2021-10-09
799,Aya Hammad,35,Jordan,2024-01-05
800,Lina Saleh,35,Jordan,2021-01-04
801,Noor Ayoub,44,Jordan,2020-06-14
802,Zain Ayoub,29,Jordan,2022-09-25
803,Ali Khoury,35,Jordan,2021-11-12
804,Hassan Najjar,30,Saudi Arabia,2023-07-16
805,Lina Masri,30,Egypt,2020-12-28
806,Farah Barakat,31,Saudi Arabia,2021-10-03
807,Huda Hammad,37,Jordan,2023-07-23
808,Ahmad Barakat,30,Jordan,2020-04-28
809,Lina Najjar,47,Saudi Arabia,2020-01-10
810,Rania Najjar,26,Jordan,2022-07-14
811,Lina Darwish,33,Egypt,2021-07-14
812,Rami Masri,30,Saudi Arabia,2021-03-04
813,Khaled Darwish,49,UAE,2020-12-11
814,Zain Ayoub,36,Jordan,2023-03-26
815,Rania Darwish,45,Saudi Arabia,2020-11-20
816,Rania Al-Smadi,20,Jordan,2022-09-29
817,Rami Al-Smadi,37,Egypt,2020-06-29
818,Mona Khoury,43,Saudi Arabia,2020-09-22
819,Hassan Rabie,35,Jordan,2023-06-12
820,Aya Najjar,45,Jordan,2022-06-07
821,Omar Haddad,29,Jordan,2023-07-21
822,Huda Masri,49,Saudi Arabia,2022-05-29
823,Salma Al-Momani,57,Jordan,2022-04-06
824,Huda Omari,31,Saudi Arabia,2022-05-28
825,Omar Al-Momani,30,Jordan,2022-09-04
826,Farah Barakat,49,Saudi Arabia,2022-02-24
827,Salma Saleh,50,Egypt,2020-01-10
828,Tariq Najjar,29,UAE,2020-03-18
829,Mona Najjar,30,UAE,2022-12-29
830,Hassan Omari,32,Jordan,2021-02-12
831,Aya Darwish,21,Jordan,2024-02-05
832,Majed Masri,25,Saudi Arabia,2022-02-03
833,Sara Rabie,24,Jordan,2020-01-29
834,Ali Haddad,27,Saudi Arabia,2021-10-21
835,Mona Darwish,34,Jordan,2022-12-23
836,Ali Hammad,37,Jordan,2021-01-25
837,Sara Khoury,50,Jordan,2020-02-06
838,Tariq Hammad,25,Egypt,2023-10-17
839,Zain Shami,44,Jordan,2020-01-09
840,Tariq Saleh,32,Saudi Arabia,2023-07-07
841,Rami Barakat,34,Jordan,2021-05-24
842,Farah Al-Momani,41,Saudi Arabia,2021-04-08
843,Noor Saleh,23,Jordan,2023-11-21
844,Lina Khoury,38,Egypt,2021-12-06
845,Majed Shami,36,Egypt,2021-10-01
846,Farah Hammad,39,Jordan,2020-09-21
847,Hassan Al-Smadi,37,Egypt,2020-07-29
848,Khaled Saleh,59,Qatar,2022-02-24
849,Ali Al-Smadi,28,Egypt,2022-10-27
850,Yousef Khoury,29,Egypt,2023-04-20
851,Yousef Darwish,28,Jordan,2021-09-18
852,Huda Darwish,29,Saudi Arabia,2020-12-08
853,Rami Khoury,28,Jordan,2020-05-13
854,Aya Al-Momani,46,Jordan,2020-04-03
855,Omar Shami,49,Qatar,2021-09-02
856,Zain Haddad,29,Jordan,2021-08-18
857,Huda Saleh,26,UAE,2022-07-22
858,Rania Omari,39,Egypt,2024-01-30
859,Khaled Qasem,29,Egypt,2022-12-01
860,Rania Ayoub,41,Qatar,2023-05-06
861,Noor Al-Momani,37,Jordan,2022-12-09
862,Salma Ayoub,19,Jordan,2021-11-22
863,Ali Saleh,50,Saudi Arabia,2022-06-07
864,Omar Shami,52,Jordan,2023-11-07
865,Sara Ayoub,28,Jordan,2020-10-01
866,Aya Masri,31,Jordan,2021-12-02
867,Zain Masri,37,UAE,2022-09-30
868,Salma Omari,38,Saudi Arabia,2022-01-05
869,Zain Khoury,41,Jordan,2021-01-20
870,Lina Saleh,55,Saudi Arabia,2020-12-03
871,Omar Najjar,33,Jordan,2022-04-06
872,Mona Darwish,27,Jordan,2020-02-09
873,Tariq Ayoub,21,UAE,2021-04-12
874,Noor Al-Momani,27,Saudi Arabia,2021-04-04
875,Zain Ayoub,34,UAE,2024-01-29
876,Lina Barakat,52,Jordan,2020-09-25
877,Zain Masri,29,Egypt,2021-03-08
878,Salma Qasem,37,Saudi Arabia,2020-02-14
879,Sara Saleh,34,Saudi Arabia,2023-04-22
880,Hassan Omari,46,Saudi Arabia,2022-10-30
881,Aya Barakat,60,Egypt,2020-12-12
882,Aya Darwish,29,Saudi Arabia,2020-09-09
883,Mona Al-Momani,30,Saudi Arabia,2022-01-20
884,Farah Hammad,45,Qatar,2023-12-27
885,Lina Qasem,41,UAE,2023-08-25
886,Farah Barakat,53,Saudi Arabia,2020-03-17
887,Noor Najjar,40,UAE,2022-02-07
888,Huda Barakat,31,Jordan,2023-08-04
889,Lina Haddad,40,Jordan,2021-06-07
890,Rami Barakat,46,Saudi Arabia,2022-12-31
891,Mona Masri,43,Egypt,2023-06-30
892,Huda Darwish,40,Egypt,2020-04-09
893,Sara Haddad,45,Jordan,2023-05-01
894,Ahmad Shami,46,Saudi Arabia,2020-04-08
895,Majed Darwish,48,Jordan,2023-09-17
896,Majed Shami,41,Qatar,2020-08-09
897,Majed Hammad,33,Qatar,2023-08-31
898,Aya Ayoub,36,Saudi Arabia,2020-02-10
899,Aya Haddad,47,Egypt,2020-04-08
900,Tariq Al-Momani,26,UAE,2023-11-13
901,Ahmad Shami,38,Saudi Arabia,2020-08-25
902,Hassan Darwish,31,Jordan,2022-05-03
903,Rami Masri,35,Saudi Arabia,2022-06-28
904,Ali Najjar,47,Saudi Arabia,2022-02-17
905,Farah Al-Momani,36,Saudi Arabia,2020-09-10
906,Hassan Shami,35,Jordan,2023-01-25
907,Tariq Al-Smadi,21,Egypt,2021-06-01
908,Ali Najjar,42,Jordan,2022-08-29
909,Hassan Al-Momani,41,Saudi Arabia,2023-12-08
910,Sara Masri,56,Saudi Arabia,2020-11-09
911,Farah Saleh,31,Saudi Arabia,2021-02-24
912,Tariq Masri,37,Saudi Arabia,2023-11-24
913,Rania Darwish,37,Jordan,2023-11-05
914,Ali Shami,50,Jordan,2023-07-14
915,Majed Hammad,34,Saudi Arabia,2020-01-20
916,Yousef Najjar,37,Saudi Arabia,2021-09-08
917,Ahmad Qasem,41,Jordan,2022-05-11
918,Huda Al-Smadi,36,UAE,2023-09-17
919,Tariq Al-Momani,30,Saudi Arabia,2020-07-25
920,Aya Omari,36,Saudi Arabia,2023-09-18
921,Sara Qasem,45,Egypt,2022-12-01
922,Mona Al-Smadi,24,Jordan,2021-07-06
923,Khaled Omari,36,Jordan,2023-06-29
924,Tariq Shami,27,UAE,2023-05-25
925,Farah Qasem,46,Saudi Arabia,2023-12-06
926,Mona Najjar,19,Saudi Arabia,2020-10-07
927,Noor Rabie,29,Egypt,2022-05-07
928,Hassan Saleh,38,Egypt,2020-08-02
929,Zain Darwish,50,Qatar,2022-11-13
930,Aya Hammad,34,Saudi Arabia,2024-01-12
931,Ali Darwish,29,Saudi Arabia,2023-06-19
932,Aya Al-Momani,53,Saudi Arabia,2020-08-29
933,Aya Al-Momani,20,Jordan,2021-08-01
934,Rania Hammad,18,Saudi Arabia,2020-08-21
935,Salma Khoury,39,Jordan,2020-08-05
936,Rami Omari,29,Egypt,2022-10-16
937,Huda Najjar,24,Saudi Arabia,2021-02-10
938,Sara Masri,42,Saudi Arabia,2023-06-01
939,Huda Rabie,37,Jordan,2021-02-13
940,Noor Khoury,29,Jordan,2021-06-22
941,Salma Haddad,22,Jordan,2022-12-07
942,Sara Khoury,43,Saudi Arabia,2021-02-17
943,Rania Saleh,41,Jordan,2022-01-03
944,Aya Ayoub,34,Saudi Arabia,2023-12-11
945,Huda Hammad,53,Egypt,2022-04-19
946,Farah Al-Momani,24,Egypt,2021-08-27
947,Zain Qasem,19,Saudi Arabia,2020-11-24
948,Noor Al-Smadi,28,Jordan,2020-03-21
949,Noor Khoury,34,Egypt,2023-01-27
950,Mona Barakat,37,Egypt,2022-10-13
951,Aya Darwish,32,Jordan,2021-03-01
952,Ahmad Barakat,38,UAE,2023-11-10
953,Khaled Haddad,22,Jordan,2022-09-11
954,Huda Al-Momani,49,Egypt,2021-11-08
955,Hassan Ayoub,34,Qatar,2021-04-25
956,Lina Qasem,46,Jordan,2020-01-06
957,Rania Ayoub,38,Egypt,2020-01-27
958,Farah Al-Smadi,39,Saudi Arabia,2023-10-07
959,Aya Rabie,40,Qatar,2020-07-01
960,Huda Masri,39,Saudi Arabia,2020-08-14
961,Salma Haddad,41,Egypt,2023-03-21
962,Mona Haddad,48,Jordan,2023-10-02
963,Mona Omari,36,Jordan,2022-10-08
964,Tariq Al-Smadi,42,Jordan,2020-11-01
965,Zain Najjar,34,Qatar,2020-07-03
966,Khaled Shami,49,Egypt,2022-11-13
967,Hassan Darwish,28,Egypt,2020-06-02
968,Tariq Barakat,53,Egypt,2024-01-21
969,Rania Barakat,34,Jordan,2024-01-21
970,Hassan Darwish,20,Jordan,2020-07-26
971,Ahmad Rabie,36,Jordan,2021-06-08
972,Yousef Najjar,28,Jordan,2023-08-12
973,Majed Shami,43,Jordan,2021-04-18
974,Tariq Darwish,28,Saudi Arabia,2022-07-24
975,Hassan Darwish,30,Jordan,2021-08-29
976,Salma Qasem,18,Jordan,2021-06-24
977,Farah Saleh,30,Jordan,2022-08-08
978,Mona Ayoub,18,Jordan,2020-04-12
979,Yousef Darwish,19,Qatar,2020-07-23
980,Huda Ayoub,42,UAE,2020-12-23
981,Rami Al-Smadi,42,Qatar,2020-03-21
982,Ahmad Ayoub,39,Saudi Arabia,2021-08-18
983,Noor Qasem,25,Jordan,2022-01-07
984,Lina Omari,34,UAE,2023-10-18
985,Farah Ayoub,34,Jordan,2021-10-02
986,Lina Khoury,23,Jordan,2022-05-22
987,Sara Darwish,50,Jordan,2020-08-25
988,Mona Khoury,43,Jordan,2020-07-13
989,Tariq Rabie,32,Jordan,2020-04-03
990,Farah Haddad,35,Jordan,2020-01-20
991,Zain Al-Momani,37,Saudi Arabia,2020-10-10
992,Khaled Ayoub,18,Jordan,2023-09-20
993,Tariq Rabie,32,Jordan,2023-08-18
994,Noor Rabie,28,Egypt,2020-12-15
995,Omar Saleh,24,Jordan,2021-11-04
996,Ali Saleh,32,Jordan,2022-01-02
997,Farah Najjar,52,Egypt,2022-06-15
998,Khaled Saleh,41,Jordan,2023-06-27
999,Sara Najjar,29,Jordan,2021-07-03
1000,Khaled Al-Smadi,40,Saudi Arabia,2020-07-09
1001,Aya Rabie,48,Jordan,2022-02-02
1002,Lina Ayoub,44,Saudi Arabia,2021-12-02
1003,Aya Darwish,35,Egypt,2021-01-09
1004,Huda Haddad,28,Jordan,2020-08-21
1005,Ali Khoury,41,Saudi Arabia,2022-03-31
1006,Ahmad Omari,38,Saudi Arabia,2022-03-30
1007,Huda Darwish,43,Jordan,2022-07-23
1008,Ahmad Shami,41,Saudi Arabia,2021-07-10
1009,Omar Rabie,45,Jordan,2022-02-28
1010,Sara Al-Smadi,29,Saudi Arabia,2023-11-13
1011,Rami Barakat,48,Jordan,2022-09-06
1012,Huda Qasem,36,Saudi Arabia,2022-05-13
1013,Farah Saleh,55,Jordan,2023-08-21
1014,Lina Darwish,28,Egypt,2020-12-07
1015,Hassan Barakat,52,Jordan,2020-08-19
1016,Hassan Al-Momani,36,Saudi Arabia,2020-09-28
1017,Ali Barakat,28,Saudi Arabia,2023-11-26
1018,Zain Hammad,30,UAE,2024-01-27
1019,Tariq Al-Momani,31,Saudi Arabia,2020-04-30
1020,Lina Ayoub,39,Saudi Arabia,2020-11-22
1021,Ahmad Masri,40,UAE,2020-07-31
1022,Rania Al-Smadi,29,Egypt,2022-05-02
1023,Farah Masri,34,Jordan,2023-04-24
1024,Khaled Omari,56,Saudi Arabia,2022-09-15
1025,Huda Khoury,52,Egypt,2023-03-11
1026,Zain Al-Smadi,39,Qatar,2023-10-21
1027,Noor Barakat,35,Egypt,2022-06-16
1028,Majed Saleh,36,Jordan,2021-01-06
1029,Mona Hammad,41,Jordan,2023-06-05
1030,Sara Qasem,24,Saudi Arabia,2022-02-16
1031,Noor Al-Momani,32,UAE,2022-01-04
1032,Farah Qasem,18,Saudi Arabia,2023-06-06
1033,Farah Darwish,38,Saudi Arabia,2020-02-29
1034,Farah Qasem,41,Egypt,2023-11-02
1035,Omar Saleh,30,Jordan,2024-01-29
1036,Ahmad Al-Smadi,50,Egypt,2020-09-24
1037,Salma Najjar,22,Saudi Arabia,2022-09-16
1038,Rami Omari,20,Jordan,2022-09-26
1039,Omar Najjar,37,Saudi Arabia,2020-08-19
1040,Sara Najjar,45,UAE,2022-04-22
1041,Khaled Omari,51,Jordan,2022-06-21
1042,Lina Darwish,30,Jordan,2020-04-04
1043,Majed Omari,45,Qatar,2020-05-09
1044,Aya Haddad,34,Jordan,2021-06-19
1045,Ali Najjar,33,Saudi Arabia,2023-09-03
1046,Rania Najjar,43,Saudi Arabia,2021-10-05
1047,Mona Ayoub,41,Saudi Arabia,2020-01-26
1048,Tariq Omari,19,Saudi Arabia,2023-12-13
1049,Ahmad Hammad,49,Jordan,2023-10-20
1050,Mona Darwish,48,Saudi Arabia,2022-12-10
1051,Huda Al-Momani,28,Jordan,2023-03-26
1052,Tariq Al-Smadi,38,Saudi Arabia,2024-01-22
1053,Hassan Barakat,39,Jordan,2023-03-03
1054,Ali Darwish,37,Saudi Arabia,2021-04-03
1055,Yousef Rabie,29,Jordan,2023-10-03
1056,Ali Najjar,28,Jordan,2021-11-23
1057,Hassan Qasem,34,Jordan,2022-11-29
1058,Salma Ayoub,46,Jordan,2022-12-07
1059,Rania Shami,40,Egypt,2023-11-10
1060,Rami Al-Smadi,31,Jordan,2023-12-05
1061,Yousef Khoury,42,Egypt,2023-06-20
1062,Noor Ayoub,18,Qatar,2020-07-14
1063,Ali Ayoub,46,Saudi Arabia,2022-06-05
1064,Aya Khoury,18,Jordan,2023-09-17
1065,Lina Darwish,31,Jordan,2024-01-28
1066,Noor Saleh,23,UAE,2021-05-24
1067,Salma Omari,22,Jordan,2022-09-13
1068,Tariq Rabie,46,Jordan,2021-12-09
1069,Salma Najjar,30,Saudi Arabia,2023-09-21
1070,Mona Shami,38,Egypt,2023-10-17
1071,Ahmad Najjar,34,UAE,2023-08-06
1072,Farah Khoury,39,Jordan,2022-02-27
1073,Sara Omari,35,Saudi Arabia,2020-10-31
1074,Zain Al-Momani,22,Jordan,2023-02-17
1075,Zain Masri,44,Jordan,2023-06-09
1076,Mona Qasem,30,Egypt,2020-04-21
1077,Hassan Najjar,19,Jordan,2020-01-24
1078,Lina Al-Momani,30,Jordan,2023-08-10
1079,Aya Hammad,50,Jordan,2020-11-17
1080,Hassan Khoury,43,Egypt,2022-11-01
1081,Tariq Masri,31,UAE,2022-08-19
1082,Zain Haddad,31,Saudi Arabia,2022-10-12
1083,Tariq Najjar,31,UAE,2020-12-04
1084,Tariq Al-Smadi,55,Jordan,2020-06-02
1085,Noor Masri,38,Saudi Arabia,2022-10-03
1086,Zain Khoury,39,Jordan,2021-10-18
1087,Ali Al-Momani,45,Jordan,2021-05-08
1088,Salma Najjar,37,Saudi Arabia,2021-11-08
1089,Farah Darwish,32,Egypt,2021-07-23
1090,Mona Al-Smadi,33,Jordan,2020-04-13
1091,Huda Ayoub,34,Jordan,2022-11-04
1092,Tariq Al-Smadi,34,Jordan,2021-04-01
1093,Huda Al-Momani,42,Jordan,2023-02-01
1094,Khaled Darwish,35,Egypt,2023-08-10
1095,Noor Najjar,42,Saudi Arabia,2022-02-14
1096,Salma Masri,34,Saudi Arabia,2022-04-05
1097,Ali Masri,35,UAE,2021-04-26
1098,Huda Hammad,18,Jordan,2020-06-10
1099,Tariq Najjar,44,Saudi Arabia,2022-07-29
1100,Noor Shami,38,Saudi Arabia,2022-06-28
1101,Sara Masri,44,Saudi Arabia,2023-03-19
1102,Huda Qasem,18,Qatar,2022-07-06
1103,Noor Saleh,55,UAE,2020-06-29
1104,Aya Hammad,33,Jordan,2022-10-17
1105,Rami Barakat,46,Egypt,2022-07-04
1106,Lina Al-Smadi,24,Jordan,2021-10-09
1107,Mona Shami,41,Jordan,2020-08-31
1108,Farah Saleh,24,Jordan,2022-10-15
1109,Rania Al-Momani,28,Jordan,2023-08-31
1110,Rami Darwish,54,Saudi Arabia,2020-02-06
1111,Rami Omari,33,Saudi Arabia,2020-07-29
1112,Tariq Barakat,37,Egypt,2022-04-06
1113,Hassan Omari,43,Saudi Arabia,2022-04-24
1114,Ahmad Barakat,39,Saudi Arabia,2020-03-14
1115,Lina Haddad,36,Jordan,2023-02-15
1116,Sara Shami,38,Jordan,2023-01-29
1117,Mona Rabie,59,Saudi Arabia,2020-01-01
1118,Tariq Al-Momani,34,Saudi Arabia,2020-07-05
1119,Aya Hammad,37,Egypt,2023-05-22
1120,Noor Omari,45,Jordan,2023-06-21
1121,Sara Qasem,46,Jordan,2023-07-29
1122,Rania Khoury,46,Saudi Arabia,2021-09-15
1123,Hassan Ayoub,41,Jordan,2022-11-07
1124,Mona Omari,23,Jordan,2023-02-25
1125,Mona Darwish,51,UAE,2021-02-27
1126,Noor Qasem,23,Jordan,2023-09-02
1127,Khaled Al-Momani,38,Saudi Arabia,2023-10-07
1128,Yousef Darwish,27,Jordan,2022-07-23
1129,Huda Barakat,34,Jordan,2021-11-29
1130,Ahmad Al-Smadi,38,Jordan,2022-01-14
1131,Noor Qasem,38,Egypt,2020-04-21
1132,Majed Najjar,39,Jordan,2021-04-01
1133,Tariq Darwish,51,UAE,2022-07-19
1134,Rania Haddad,39,Jordan,2021-11-10
1135,Sara Al-Momani,32,UAE,2023-02-21
1136,Hassan Saleh,44,Jordan,2023-06-23
1137,Ahmad Qasem,46,Saudi Arabia,2023-05-13
1138,Zain Darwish,22,Saudi Arabia,2022-08-26
1139,Zain Ayoub,40,Egypt,2024-01-07
1140,Majed Al-Momani,42,Jordan,2023-09-07
1141,Huda Najjar,32,Jordan,2022-01-14
1142,Sara Shami,48,Jordan,2024-01-06
1143,Tariq Hammad,33,Egypt,2022-07-15
1144,Farah Najjar,36,Saudi Arabia,2020-08-21
1145,Huda Rabie,33,UAE,2020-07-18
1146,Rania Hammad,35,Jordan,2023-09-11
1147,Majed Haddad,24,Jordan,2021-03-30
1148,Huda Saleh,20,Jordan,2020-01-05
1149,Farah Rabie,50,Qatar,2021-11-30
1150,Ali Ayoub,26,Saudi Arabia,2021-12-28
1151,Lina Qasem,25,Egypt,2023-07-21
1152,Huda Khoury,18,Jordan,2021-08-20
1153,Mona Haddad,28,Saudi Arabia,2023-01-26
1154,Aya Rabie,21,Saudi Arabia,2022-12-05
1155,Khaled Najjar,51,Jordan,2022-02-04
1156,Farah Rabie,45,Egypt,2023-12-08
1157,Hassan Ayoub,28,Egypt,2020-08-05
1158,Sara Khoury,57,Egypt,2020-04-03
1159,Yousef Hammad,44,UAE,2020-12-02
1160,Rania Khoury,31,Jordan,2022-10-05
1161,Huda Hammad,18,Jordan,2020-10-14
1162,Hassan Masri,57,Qatar,2024-01-08
1163,Rania Al-Momani,21,Jordan,2024-01-17
1164,Farah Hammad,18,UAE,2022-04-18
1165,Mona Masri,45,UAE,2020-08-07
1166,Majed Haddad,59,Saudi Arabia,2021-06-04
1167,Mona Hammad,48,Qatar,2023-06-05
1168,Aya Ayoub,40,Jordan,2021-02-05
1169,Majed Al-Smadi,40,Jordan,2021-01-19
1170,Omar Al-Momani,43,Jordan,2020-09-04
1171,Ali Hammad,42,Saudi Arabia,2022-03-15
1172,Majed Khoury,37,Jordan,2021-03-17
1173,Yousef Darwish,36,Jordan,2022-07-25
1174,Majed Saleh,34,Egypt,2021-01-25
1175,Omar Shami,27,Egypt,2024-01-07
1176,Rania Khoury,32,Jordan,2021-11-23
1177,Hassan Shami,18,Jordan,2020-08-08
1178,Khaled Darwish,34,Egypt,2022-04-28
1179,Salma Khoury,25,Jordan,2020-04-05
1180,Tariq Al-Momani,23,Jordan,2023-07-20
1181,Ali Haddad,36,Jordan,2023-10-08
1182,Tariq Saleh,48,Saudi Arabia,2023-04-20
1183,Ahmad Shami,44,Jordan,2020-09-09
1184,Yousef Najjar,19,Qatar,2022-07-11
1185,Huda Najjar,25,Saudi Arabia,2022-07-25
1186,Aya Omari,44,Saudi Arabia,2023-09-10
1187,Noor Saleh,25,Jordan,2023-04-21
1188,Huda Darwish,32,Saudi Arabia,2022-10-29
1189,Noor Qasem,40,Saudi Arabia,2020-10-02
1190,Rania Al-Momani,25,UAE,2022-10-18
1191,Aya Barakat,36,UAE,2020-01-09
1192,Tariq Al-Momani,21,Saudi Arabia,2022-12-22
1193,Rami Shami,28,Egypt,2020-04-09
1194,Khaled Haddad,38,Egypt,2023-02-07
1195,Lina Al-Smadi,19,UAE,2022-06-05
1196,Hassan Saleh,39,Jordan,2023-04-13
1197,Zain Barakat,34,Jordan,2022-09-16
1198,Mona Ayoub,40,Jordan,2022-11-07
1199,Aya Rabie,37,Saudi Arabia,2020-12-28
1200,Majed Omari,48,Saudi Arabia,2023-11-17
1201,Aya Barakat,36,Saudi Arabia,2023-03-30
1202,Mona Shami,30,Egypt,2020-12-21
1203,Farah Shami,36,Egypt,2024-02-05
1204,Ahmad Rabie,40,Egypt,2020-09-19
1205,Hassan Shami,35,Jordan,2020-07-31
1206,Omar Al-Momani,35,Saudi Arabia,2022-03-04
1207,Salma Qasem,27,Jordan,2023-09-08
1208,Tariq Barakat,28,Jordan,2023-05-14
1209,Yousef Masri,20,Jordan,2023-05-26
1210,Noor Al-Smadi,52,Jordan,2021-10-21
1211,Ali Khoury,22,Saudi Arabia,2022-10-29
1212,Ahmad Masri,28,Egypt,2022-02-26
1213,Ahmad Khoury,27,Jordan,2022-05-07
1214,Rania Al-Smadi,43,UAE,2023-06-01
1215,Lina Saleh,32,Saudi Arabia,2023-11-19
1216,Huda Rabie,47,Jordan,2021-05-23
1217,Rami Omari,28,Saudi Arabia,2021-07-14
1218,Noor Darwish,37,Jordan,2022-03-25
1219,Salma Najjar,26,Saudi Arabia,2021-12-03
1220,Ali Saleh,56,Saudi Arabia,2021-08-25
1221,Ali Masri,23,Jordan,2022-07-16
1222,Rania Barakat,38,Jordan,2020-09-30
1223,Noor Qasem,41,Saudi Arabia,2020-10-09
1224,Hassan Al-Momani,39,Egypt,2022-04-25
1225,Salma Qasem,33,Jordan,2023-05-18
1226,Tariq Darwish,33,UAE,2023-12-04
1227,Rania Khoury,35,Saudi Arabia,2022-11-15
1228,Lina Haddad,33,Egypt,2021-09-04
1229,Lina Saleh,44,Egypt,2023-12-07
1230,Noor Darwish,57,Saudi Arabia,2023-01-26
1231,Aya Qasem,29,Saudi Arabia,2021-10-04
1232,Noor Darwish,21,Egypt,2023-12-28
1233,Huda Barakat,34,Jordan,2023-02-07
1234,Farah Saleh,60,Jordan,2023-07-19
1235,Farah Al-Smadi,26,Jordan,2021-03-21
1236,Ali Al-Smadi,51,Egypt,2021-02-15
1237,Huda Omari,51,Egypt,2021-03-05
1238,Aya Darwish,29,Jordan,2023-07-02
1239,Ahmad Qasem,40,Saudi Arabia,2024-01-03
1240,Tariq Haddad,51,Saudi Arabia,2021-08-18
1241,Farah Haddad,31,Jordan,2023-11-07
1242,Aya Rabie,32,Qatar,2021-12-08
1243,Aya Haddad,29,Jordan,2023-10-09
1244,Salma Masri,24,Jordan,2020-09-28
1245,Hassan Masri,28,Saudi Arabia,2023-12-25
1246,Aya Qasem,22,UAE,2023-08-24
1247,Farah Qasem,35,Jordan,2020-12-30
1248,Ahmad Omari,27,Saudi Arabia,2022-10-28
1249,Majed Khoury,37,Saudi Arabia,2023-01-16
1250,Ahmad Ayoub,19,Jordan,2023-11-22
1251,Omar Najjar,38,Jordan,2023-07-28
1252,Aya Hammad,43,Saudi Arabia,2021-10-22
1253,Lina Saleh,18,Jordan,2023-12-25
1254,Majed Khoury,38,Egypt,2020-08-24
1255,Omar Masri,47,Egypt,2021-12-22
1256,Ahmad Khoury,22,Qatar,2023-02-25
1257,Majed Masri,51,Jordan,2022-09-10
1258,Khaled Omari,39,Qatar,2023-04-08
1259,Ali Masri,27,Saudi Arabia,2023-03-14
1260,Ahmad Haddad,34,Jordan,2023-09-28
1261,Farah Hammad,40,Jordan,2023-12-25
1262,Salma Haddad,35,Jordan,2022-05-04
1263,Khaled Al-Smadi,40,Saudi Arabia,2023-10-12
1264,Majed Omari,25,Saudi Arabia,2022-12-29
1265,Lina Barakat,36,Jordan,2021-08-08
1266,Omar Shami,20,Saudi Arabia,2022-05-15
1267,Aya Saleh,33,Jordan,2020-01-27
1268,Huda Saleh,25,Saudi Arabia,2022-12-06
1269,Yousef Saleh,27,Jordan,2020-08-06
1270,Farah Darwish,47,Egypt,2020-02-21
1271,Ahmad Ayoub,45,Egypt,2022-02-19
1272,Ali Omari,41,Saudi Arabia,2020-10-24
1273,Huda Qasem,24,Jordan,2020-04-18
1274,Yousef Qasem,31,Jordan,2023-10-04
1275,Aya Hammad,47,Egypt,2020-04-25
1276,Ahmad Qasem,36,Jordan,2021-02-13
1277,Salma Najjar,58,Jordan,2021-06-30
1278,Mona Shami,38,Jordan,2020-11-25
1279,Rania Najjar,36,Saudi Arabia,2021-08-09
1280,Rania Najjar,31,Saudi Arabia,2023-10-31
1281,Rami Masri,36,Egypt,2021-05-28
1282,Ahmad Barakat,33,Jordan,2020-10-26
1283,Khaled Khoury,42,Jordan,2020-05-07
1284,Rania Khoury,44,Egypt,2023-11-15
1285,Khaled Khoury,27,Egypt,2021-08-27
1286,Hassan Omari,21,Jordan,2021-02-21
1287,Yousef Omari,18,Saudi Arabia,2023-01-13
1288,Ahmad Najjar,40,Jordan,2020-03-07
1289,Ahmad Najjar,23,Egypt,2022-01-04
1290,Rania Rabie,18,Jordan,2022-07-15
1291,Rami Khoury,38,Egypt,2020-07-28
1292,Lina Masri,59,Saudi Arabia,2023-06-15
1293,Rania Saleh,34,Saudi Arabia,2023-10-15
1294,Salma Ayoub,43,Jordan,2023-02-24
1295,Noor Darwish,35,Saudi Arabia,2021-04-04
1296,Huda Khoury,34,Saudi Arabia,2023-08-18
1297,Ali Khoury,44,Jordan,2023-02-23
1298,Sara Najjar,32,Saudi Arabia,2022-03-07
1299,Tariq Hammad,37,Qatar,2021-05-01
1300,Rami Omari,38,Saudi Arabia,2022-11-12
1301,Ahmad Barakat,28,UAE,2023-11-26
1302,Yousef Ayoub,44,Jordan,2021-08-12
1303,Rania Khoury,33,Saudi Arabia,2023-11-20
1304,Rania Omari,27,Jordan,2023-09-22
1305,Rami Haddad,40,Saudi Arabia,2020-04-06
1306,Lina Masri,26,Egypt,2022-02-20
1307,Majed Barakat,35,Saudi Arabia,2022-03-04
1308,Khaled Al-Smadi,34,Jordan,2022-05-03
1309,Farah Barakat,45,Jordan,2023-11-04
1310,Khaled Al-Smadi,39,Saudi Arabia,2021-10-02
1311,Lina Saleh,34,Saudi Arabia,2023-02-04
1312,Aya Omari,43,Egypt,2020-04-20
1313,Ahmad Al-Momani,48,Egypt,2020-01-27
1314,Huda Al-Smadi,40,Saudi Arabia,2021-05-29
1315,Rania Rabie,35,Jordan,2021-02-19
1316,Mona Saleh,21,Jordan,2023-06-24
1317,Ahmad Shami,24,Jordan,2022-06-26
1318,Yousef Darwish,31,Jordan,2021-04-06
1319,Hassan Najjar,28,Saudi Arabia,2023-07-21
1320,Hassan Hammad,33,Saudi Arabia,2023-12-14
1321,Ali Rabie,35,Saudi Arabia,2023-12-24
1322,Sara Hammad,40,Jordan,2023-08-19
1323,Majed Barakat,34,Jordan,2022-01-23
1324,Rania Omari,39,Jordan,2023-04-20
1325,Ali Rabie,35,Jordan,2023-01-24
1326,Mona Saleh,18,Egypt,2023-05-20
1327,Mona Rabie,25,Jordan,2021-02-06
1328,Ali Ayoub,33,Saudi Arabia,2024-01-24
1329,Salma Darwish,22,Jordan,2021-01-31
1330,Ahmad Haddad,40,Egypt,2021-08-25
1331,Hassan Rabie,50,Saudi Arabia,2022-07-08
1332,Ali Al-Smadi,47,Jordan,2020-12-29
1333,Hassan Masri,32,Saudi Arabia,2023-10-30
1334,Lina Rabie,49,UAE,2020-06-01
1335,Aya Khoury,36,Qatar,2021-01-17
1336,Tariq Hammad,31,Jordan,2020-12-21
1337,Rania Qasem,28,Egypt,2022-11-18
1338,Ahmad Rabie,31,Egypt,2020-09-01
1339,Huda Ayoub,31,Egypt,2022-02-11
1340,Farah Shami,36,Saudi Arabia,2020-03-24
1341,Rami Barakat,36,Saudi Arabia,2022-05-27
1342,Lina Najjar,35,Saudi Arabia,2021-07-25
1343,Mona Omari,39,UAE,2023-02-13
1344,Tariq Hammad,46,Saudi Arabia,2021-06-25
1345,Rami Omari,44,Saudi Arabia,2020-09-23
1346,Mona Al-Smadi,20,Saudi Arabia,2020-11-25
1347,Aya Darwish,18,UAE,2023-04-11
1348,Hassan Masri,44,Egypt,2021-06-06
1349,Yousef Haddad,21,Jordan,2020-01-12
1350,Salma Ayoub,32,Egypt,2021-11-07
1351,Zain Qasem,23,Saudi Arabia,2022-08-13
1352,Aya Al-Momani,18,Egypt,2023-12-24
1353,Salma Hammad,40,Saudi Arabia,2020-11-13
1354,Lina Haddad,42,Jordan,2020-03-22
1355,Huda Shami,29,Egypt,2020-11-10
1356,Aya Rabie,18,Jordan,2021-10-22
1357,Khaled Al-Smadi,29,Egypt,2023-05-07
1358,Rami Saleh,38,Saudi Arabia,2020-04-14
1359,Khaled Shami,20,Saudi Arabia,2023-07-04
1360,Rami Najjar,36,Jordan,2023-06-14
1361,Hassan Masri,34,Saudi Arabia,2023-09-17
1362,Majed Al-Smadi,40,Jordan,2021-09-08
1363,Rami Hammad,36,Jordan,2022-10-01
1364,Noor Omari,25,Jordan,2023-03-18
1365,Khaled Al-Smadi,46,Jordan,2023-01-31
1366,Lina Shami,33,Qatar,2022-01-03
1367,Hassan Haddad,34,Qatar,2020-05-29
1368,Salma Hammad,25,Jordan,2023-12-20
1369,Farah Rabie,30,UAE,2021-10-12
1370,Hassan Omari,26,Jordan,2022-12-12
1371,Lina Hammad,33,Saudi Arabia,2021-03-26
1372,Hassan Najjar,52,Egypt,2021-01-11
1373,Khaled Barakat,21,Egypt,2022-12-02
1374,Huda Shami,18,Saudi Arabia,2020-05-19
1375,Huda Shami,49,UAE,2022-10-31
1376,Noor Saleh,32,Jordan,2020-11-22
1377,Rania Rabie,28,Qatar,2022-05-01
1378,Ahmad Darwish,45,Jordan,2023-01-17
1379,Rania Darwish,28,Saudi Arabia,2023-01-04
1380,Yousef Darwish,53,Saudi Arabia,2022-04-06
1381,Khaled Hammad,41,Saudi Arabia,2020-07-07
1382,Sara Qasem,30,Jordan,2021-12-16
1383,Tariq Qasem,56,Egypt,2021-03-29
1384,Noor Al-Momani,28,Jordan,2021-03-12
1385,Majed Al-Momani,42,Saudi Arabia,2023-09-20
1386,Ali Ayoub,37,Jordan,2021-11-10
1387,Rania Rabie,48,Jordan,2021-11-09
1388,Farah Barakat,50,Saudi Arabia,2022-01-08
1389,Majed Qasem,35,Saudi Arabia,2021-08-24
1390,Huda Haddad,27,Jordan,2021-03-23
1391,Aya Ayoub,39,Jordan,2023-06-20
1392,Farah Shami,28,Saudi Arabia,2022-12-22
1393,Lina Hammad,55,UAE,2022-08-30
1394,Yousef Omari,36,Egypt,2023-02-23
1395,Majed Shami,31,Jordan,2023-08-22
1396,Sara Rabie,36,Jordan,2020-01-19
1397,Farah Shami,21,Jordan,2020-08-22
1398,Ali Shami,25,Jordan,2023-10-01
1399,Huda Qasem,47,Saudi Arabia,2021-12-09
1400,Zain Shami,28,Saudi Arabia,2022-07-01
1401,Majed Al-Smadi,24,Jordan,2021-05-07
1402,Rania Shami,40,Jordan,2023-08-08
1403,Hassan Omari,46,Jordan,2023-06-10
1404,Omar Saleh,42,Egypt,2023-06-26
1405,Rami Ayoub,44,Qatar,2021-05-14
1406,Omar Omari,27,Jordan,2020-03-22
1407,Yousef Masri,20,Jordan,2023-10-29
1408,Sara Al-Smadi,50,Egypt,2021-10-19
1409,Zain Najjar,31,Egypt,2022-02-20
1410,Sara Qasem,32,Saudi Arabia,2020-08-20
1411,Ali Rabie,48,Jordan,2022-03-01
1412,Sara Rabie,40,Jordan,2021-06-09
1413,Ahmad Al-Smadi,39,Saudi Arabia,2023-01-11
1414,Hassan Saleh,56,Jordan,2024-01-22
1415,Mona Darwish,28,Jordan,2021-08-02
1416,Huda Darwish,44,Saudi Arabia,2020-02-20
1417,Zain Najjar,35,Jordan,2022-11-24
1418,Salma Shami,37,UAE,2022-02-06
1419,Salma Saleh,50,Jordan,2022-11-19
1420,Sara Hammad,40,Jordan,2022-11-07
1421,Rania Haddad,40,Saudi Arabia,2022-07-01
1422,Noor Al-Momani,45,Jordan,2022-09-23
1423,Mona Qasem,31,Qatar,2020-03-30
1424,Salma Qasem,26,Saudi Arabia,2021-08-30
1425,Huda Omari,24,Jordan,2023-08-27
1426,Khaled Ayoub,18,UAE,2021-01-29
1427,Omar Darwish,55,Jordan,2021-10-18
1428,Omar Khoury,23,Egypt,2022-11-18
1429,Tariq Hammad,32,Jordan,2020-06-17
1430,Rania Saleh,32,Saudi Arabia,2020-07-15
1431,Rania Saleh,38,Jordan,2020-12-08
1432,Khaled Barakat,43,Saudi Arabia,2023-01-06
1433,Tariq Najjar,43,Egypt,2022-12-28
1434,Huda Khoury,29,Egypt,2020-01-16
1435,Yousef Rabie,33,Jordan,2023-07-07
1436,Lina Al-Smadi,37,Jordan,2020-05-14
1437,Zain Masri,32,Egypt,2021-03-07
1438,Omar Barakat,51,Egypt,2023-10-04
1439,Yousef Al-Momani,39,Jordan,2023-07-13
1440,Lina Masri,42,Saudi Arabia,2021-03-12
1441,Ali Shami,41,Jordan,2023-11-04
1442,Ali Barakat,46,Egypt,2022-05-18
1443,Ali Saleh,36,Jordan,2020-07-31
1444,Tariq Barakat,22,Jordan,2021-02-25
1445,Rania Barakat,38,UAE,2023-01-06
1446,Ali Haddad,28,Jordan,2023-12-10
1447,Farah Khoury,29,Saudi Arabia,2022-06-10
1448,Khaled Ayoub,40,Saudi Arabia,2023-08-17
1449,Majed Najjar,47,Jordan,2020-05-27
1450,Majed Masri,35,Jordan,2023-11-06
1451,Aya Barakat,38,Saudi Arabia,2020-11-10
1452,Hassan Rabie,52,Jordan,2020-02-18
1453,Huda Hammad,37,Saudi Arabia,2022-07-29
1454,Farah Barakat,61,Egypt,2024-01-08
1455,Zain Khoury,40,UAE,2021-11-10
1456,Rami Al-Smadi,18,Jordan,2020-03-18
1457,Rania Masri,42,Jordan,2020-06-28
1458,Mona Hammad,38,Jordan,2020-05-30
1459,Zain Qasem,47,Jordan,2020-04-21
1460,Ahmad Al-Smadi,41,Saudi Arabia,2020-12-30
1461,Noor Hammad,33,Saudi Arabia,2021-05-30
1462,Salma Darwish,22,Jordan,2023-02-16
1463,Farah Najjar,32,Jordan,2020-05-24
1464,Zain Saleh,26,Jordan,2023-03-23
1465,Huda Khoury,29,Saudi Arabia,2021-04-11
1466,Salma Haddad,40,Jordan,2021-06-13
1467,Rania Shami,51,Saudi Arabia,2022-04-14
1468,Khaled Ayoub,38,Jordan,2022-03-05
1469,Khaled Khoury,23,Egypt,2022-07-12
1470,Huda Darwish,39,Egypt,2023-07-14
1471,Tariq Rabie,46,Jordan,2022-04-08
1472,Ali Qasem,28,Jordan,2022-06-05
1473,Zain Saleh,33,Saudi Arabia,2021-10-09
1474,Rania Qasem,35,Jordan,2020-02-04
1475,Huda Saleh,27,Saudi Arabia,2022-03-08
1476,Khaled Khoury,41,Egypt,2023-10-10
1477,Yousef Najjar,33,Saudi Arabia,2020-08-30
1478,Sara Rabie,39,Egypt,2022-12-31
1479,Tariq Ayoub,26,Jordan,2020-01-13
1480,Noor Al-Momani,30,Jordan,2023-08-06
1481,Rania Omari,42,UAE,2024-01-15
1482,Yousef Al-Smadi,31,Jordan,2023-06-20
1483,Rami Saleh,52,Saudi Arabia,2020-05-09
1484,Ali Ayoub,31,Jordan,2023-04-14
1485,Sara Barakat,37,Jordan,2020-04-03
1486,Majed Omari,44,Qatar,2023-12-06
1487,Rania Barakat,20,Jordan,2020-05-28
1488,Ahmad Barakat,18,Qatar,2022-01-02
1489,Aya Khoury,19,Qatar,2022-10-26
1490,Omar Barakat,47,UAE,2020-08-05
1491,Yousef Omari,29,Saudi Arabia,2021-08-16
1492,Lina Omari,60,Saudi Arabia,2023-11-05
1493,Ahmad Rabie,29,Egypt,2021-09-09
1494,Khaled Omari,36,Jordan,2023-05-27
1495,Yousef Saleh,50,Saudi Arabia,2020-06-26
1496,Khaled Qasem,55,Saudi Arabia,2021-07-30
1497,Aya Darwish,55,Saudi Arabia,2022-06-15
1498,Hassan Saleh,47,Saudi Arabia,2022-02-20
1499,Tariq Qasem,45,Jordan,2022-03-20
1500,Noor Khoury,40,Saudi Arabia,2023-09-15
1501,Rami Najjar,42,Egypt,2020-03-04
1502,Farah Rabie,29,Jordan,2022-08-28
1503,Ahmad Shami,26,Egypt,2020-11-16
1504,Lina Darwish,34,Saudi Arabia,2022-12-28
1505,Ahmad Darwish,33,Egypt,2021-03-26
1506,Aya Rabie,30,Saudi Arabia,2020-10-06
1507,Yousef Najjar,41,UAE,2022-03-11
1508,Aya Saleh,44,Jordan,2023-01-22
1509,Ali Masri,35,Egypt,2021-08-27
1510,Khaled Omari,49,Jordan,2023-07-22
1511,Huda Al-Smadi,23,Egypt,2020-10-22
1512,Rami Qasem,33,Qatar,2021-09-02
1513,Majed Masri,27,Jordan,2023-10-19
1514,Zain Khoury,18,Jordan,2024-02-02
1515,Huda Barakat,34,UAE,2023-08-19
1516,Aya Barakat,33,Jordan,2022-02-03
1517,Salma Masri,50,Egypt,2020-01-23
1518,Khaled Shami,41,Jordan,2023-02-07
1519,Rania Hammad,24,Jordan,2023-02-10
1520,Aya Khoury,53,Qatar,2020-10-16
1521,Ahmad Omari,47,Saudi Arabia,2020-09-09
1522,Ahmad Shami,40,Egypt,2020-03-26
1523,Mona Omari,32,Jordan,2020-01-11
1524,Noor Haddad,25,Saudi Arabia,2023-03-18
1525,Huda Omari,31,Saudi Arabia,2023-05-06
1526,Rania Shami,45,Saudi Arabia,2022-03-18
1527,Mona Rabie,53,Saudi Arabia,2023-01-05
1528,Rania Hammad,50,Saudi Arabia,2023-01-26
1529,Ali Qasem,30,Saudi Arabia,2020-06-23
1530,Ali Ayoub,23,Jordan,2021-09-16
1531,Sara Ayoub,36,UAE,2021-03-06
1532,Ali Darwish,18,Jordan,2024-01-26
1533,Omar Saleh,38,Saudi Arabia,2021-12-05
1534,Huda Ayoub,33,Jordan,2021-03-09
1535,Khaled Al-Momani,30,Saudi Arabia,2022-04-25
1536,Huda Al-Smadi,19,UAE,2023-08-15
1537,Yousef Qasem,40,Jordan,2022-11-15
1538,Tariq Najjar,29,Jordan,2020-10-18
1539,Ali Masri,23,Jordan,2020-11-25
1540,Ahmad Hammad,18,Saudi Arabia,2021-01-11
1541,Ahmad Al-Smadi,34,Egypt,2021-03-28
1542,Omar Qasem,52,Jordan,2023-06-17
1543,Rania Saleh,51,UAE,2021-06-01
1544,Omar Al-Smadi,30,Jordan,2021-02-01
1545,Farah Omari,28,Saudi Arabia,2020-08-22
1546,Rami Qasem,39,Egypt,2021-01-06
1547,Hassan Al-Smadi,25,Jordan,2023-10-06
1548,Farah Ayoub,38,Saudi Arabia,2023-03-07
1549,Zain Darwish,42,Jordan,2020-04-21
1550,Mona Al-Momani,47,Jordan,2023-01-29
1551,Lina Qasem,33,Jordan,2022-08-02
1552,Huda Barakat,32,Jordan,2023-08-13
1553,Yousef Masri,26,Saudi Arabia,2023-01-30
1554,Farah Khoury,26,Saudi Arabia,2020-05-29
1555,Noor Khoury,32,Saudi Arabia,2021-08-18
1556,Salma Al-Momani,38,Jordan,2023-10-07
1557,Noor Saleh,44,Jordan,2020-05-17
1558,Tariq Masri,26,Saudi Arabia,2021-05-28
1559,Khaled Omari,49,Qatar,2020-07-20
1560,Khaled Khoury,32,Jordan,2021-02-08
1561,Sara Hammad,34,Egypt,2024-01-26
1562,Ali Al-Momani,27,Saudi Arabia,2023-04-04
1563,Salma Saleh,18,Saudi Arabia,2022-09-24
1564,Salma Qasem,43,Saudi Arabia,2021-11-08
1565,Ahmad Al-Smadi,42,Jordan,2022-01-01
1566,Omar Omari,32,Jordan,2020-09-19
1567,Mona Al-Momani,35,Saudi Arabia,2023-10-06
1568,Ahmad Ayoub,40,Jordan,2023-09-04
1569,Zain Hammad,19,Egypt,2021-04-25
1570,Aya Masri,29,Saudi Arabia,2020-07-23
1571,Lina Rabie,42,Jordan,2021-08-06
1572,Farah Rabie,22,UAE,2023-06-22
1573,Ali Barakat,37,Jordan,2020-05-22
1574,Yousef Rabie,21,Saudi Arabia,2021-01-31
1575,Majed Shami,39,Saudi Arabia,2021-10-12
1576,Rami Al-Smadi,34,Egypt,2022-09-22
1577,Sara Hammad,18,UAE,2022-07-11
1578,Rami Rabie,46,Saudi Arabia,2021-11-03
1579,Rania Masri,27,Saudi Arabia,2023-06-16
1580,Ali Haddad,26,Egypt,2023-09-12
1581,Aya Al-Smadi,37,Jordan,2021-09-18
1582,Yousef Masri,46,Jordan,2023-11-21
1583,Huda Darwish,24,Jordan,2023-04-11
1584,Salma Rabie,35,Jordan,2020-11-08
1585,Sara Khoury,39,Saudi Arabia,2023-03-04
1586,Mona Masri,41,Saudi Arabia,2023-03-06
1587,Khaled Masri,36,Saudi Arabia,2022-01-16
1588,Salma Hammad,31,Jordan,2021-10-09
1589,Rania Najjar,26,UAE,2022-05-27
1590,Salma Darwish,35,Jordan,2020-12-11
1591,Huda Darwish,24,Saudi Arabia,2020-01-10
1592,Sara Qasem,18,Saudi Arabia,2021-10-03
1593,Noor Al-Smadi,39,Jordan,2021-05-19
1594,Lina Saleh,44,Jordan,2021-03-29
1595,Khaled Ayoub,18,Jordan,2023-12-29
1596,Sara Najjar,24,Egypt,2023-08-05
1597,Salma Darwish,41,Egypt,2022-06-12
1598,Aya Al-Smadi,55,Saudi Arabia,2021-07-20
1599,Rami Darwish,35,Jordan,2022-01-06
1600,Tariq Shami,27,Saudi Arabia,2020-10-02
1601,Khaled Najjar,33,UAE,2023-10-23
1602,Rania Saleh,48,UAE,2021-11-10
1603,Zain Haddad,28,Jordan,2022-09-09
1604,Majed Hammad,27,Jordan,2022-08-05
1605,Salma Al-Momani,30,UAE,2022-07-01
1606,Hassan Darwish,25,Jordan,2022-01-04
1607,Khaled Omari,36,Jordan,2021-09-17
1608,Sara Al-Momani,51,Jordan,2022-09-24
1609,Rami Haddad,38,Saudi Arabia,2023-02-03
1610,Salma Omari,32,Egypt,2020-08-10
1611,Huda Omari,32,Qatar,2020-12-25
1612,Salma Najjar,19,Saudi Arabia,2023-08-15
1613,Noor Al-Momani,43,Saudi Arabia,2023-05-27
1614,Sara Al-Smadi,34,Jordan,2020-06-16
1615,Hassan Shami,33,Saudi Arabia,2021-07-28
1616,Noor Darwish,66,Jordan,2020-10-13
1617,Rami Al-Momani,37,Saudi Arabia,2023-01-08
1618,Huda Al-Momani,27,Jordan,2021-02-06
1619,Mona Saleh,30,Jordan,2021-06-23
1620,Tariq Qasem,46,Jordan,2023-07-07
1621,Rania Qasem,36,Jordan,2020-06-05
1622,Zain Al-Momani,20,Jordan,2024-01-29
1623,Omar Al-Momani,44,Jordan,2020-06-03
1624,Noor Qasem,28,Qatar,2020-02-08
1625,Sara Masri,53,Saudi Arabia,2022-11-04
1626,Aya Ayoub,45,Saudi Arabia,2023-07-17
1627,Salma Al-Smadi,30,Egypt,2020-03-04
1628,Hassan Saleh,47,Qatar,2023-04-06
1629,Salma Darwish,35,Saudi Arabia,2023-03-31
1630,Sara Omari,43,Egypt,2022-04-09
1631,Rania Rabie,39,Jordan,2023-04-23
1632,Khaled Masri,26,Jordan,2021-03-11
1633,Farah Haddad,28,Saudi Arabia,2020-03-16
1634,Salma Haddad,45,Saudi Arabia,2023-02-03
1635,Huda Khoury,31,Saudi Arabia,2021-06-17
1636,Hassan Khoury,30,Jordan,2023-01-18
1637,Ahmad Haddad,25,Jordan,2023-01-10
1638,Sara Haddad,39,Saudi Arabia,2022-08-24
1639,Zain Khoury,55,Jordan,2023-09-01
1640,Zain Khoury,24,Saudi Arabia,2020-10-31
1641,Ahmad Darwish,35,Saudi Arabia,2022-01-19
1642,Sara Najjar,49,UAE,2022-03-14
1643,Rami Barakat,34,UAE,2021-04-02
1644,Ahmad Masri,39,Egypt,2023-04-22
1645,Yousef Shami,24,Saudi Arabia,2021-08-18
1646,Lina Haddad,39,UAE,2020-10-01
1647,Hassan Al-Smadi,33,Saudi Arabia,2022-08-09
1648,Salma Najjar,44,Jordan,2022-10-23
1649,Salma Darwish,46,Jordan,2022-11-11
1650,Aya Shami,60,Jordan,2020-07-04
1651,Aya Saleh,40,Saudi Arabia,2022-03-23
1652,Huda Khoury,38,Saudi Arabia,2022-01-15
1653,Aya Masri,36,Egypt,2022-10-25
1654,Yousef Shami,31,Jordan,2020-01-22
1655,Aya Haddad,38,Jordan,2023-09-19
1656,Salma Najjar,32,Qatar,2021-05-04
1657,Hassan Omari,36,Jordan,2023-06-11
1658,Ahmad Masri,48,Saudi Arabia,2023-11-02
1659,Khaled Najjar,24,Saudi Arabia,2020-12-05
1660,Salma Khoury,46,Saudi Arabia,2022-11-18
1661,Salma Najjar,48,Jordan,2020-10-14
1662,Lina Rabie,33,Jordan,2022-07-02
1663,Majed Barakat,18,Jordan,2020-11-22
1664,Majed Qasem,28,Saudi Arabia,2021-01-01
1665,Mona Hammad,47,Saudi Arabia,2023-03-05
1666,Rania Al-Smadi,34,Jordan,2023-03-04
1667,Tariq Omari,25,Saudi Arabia,2023-09-12
1668,Yousef Shami,29,Egypt,2020-10-26
1669,Hassan Ayoub,43,Jordan,2024-02-08
1670,Sara Ayoub,40,Saudi Arabia,2022-09-17
1671,Zain Hammad,32,Saudi Arabia,2022-01-04
1672,Ahmad Haddad,31,Jordan,2020-03-23
1673,Hassan Barakat,31,Jordan,2021-03-24
1674,Rami Hammad,25,Saudi Arabia,2022-09-25
1675,Huda Omari,51,Egypt,2021-04-19
1676,Zain Darwish,31,Egypt,2020-05-08
1677,Salma Al-Momani,47,Saudi Arabia,2021-06-25
1678,Tariq Masri,50,UAE,2022-01-26
1679,Ahmad Masri,44,Jordan,2021-04-24
1680,Salma Qasem,30,Saudi Arabia,2020-03-28
1681,Farah Rabie,39,Saudi Arabia,2023-10-01
1682,Zain Qasem,34,Jordan,2021-02-27
1683,Ali Darwish,25,UAE,2022-11-26
1684,Noor Omari,38,Saudi Arabia,2022-01-09
1685,Rania Masri,23,Jordan,2022-03-05
1686,Sara Al-Momani,46,Egypt,2022-08-19
1687,Khaled Hammad,30,Jordan,2022-07-20
1688,Noor Haddad,37,Jordan,2020-04-05
1689,Ali Masri,37,Jordan,2020-03-22
1690,Salma Darwish,32,UAE,2023-08-21
1691,Aya Darwish,40,UAE,2021-10-25
1692,Zain Al-Momani,30,Jordan,2020-07-30
1693,Omar Al-Momani,43,Saudi Arabia,2023-12-12
1694,Rami Barakat,21,Jordan,2022-12-03
1695,Farah Omari,36,UAE,2023-07-21
1696,Farah Qasem,54,Saudi Arabia,2021-07-14
1697,Majed Omari,24,Saudi Arabia,2021-06-23
1698,Majed Barakat,28,Egypt,2023-03-31
1699,Tariq Najjar,40,Jordan,2023-01-19
1700,Salma Shami,36,Jordan,2023-03-13
1701,Majed Omari,38,Saudi Arabia,2020-12-22
1702,Farah Haddad,39,Qatar,2022-02-10
1703,Noor Al-Smadi,41,Jordan,2023-08-31
1704,Ahmad Al-Momani,46,Jordan,2022-02-14
1705,Hassan Saleh,39,Jordan,2022-01-18
1706,Sara Al-Momani,32,Saudi Arabia,2023-04-18
1707,Huda Najjar,41,Jordan,2023-08-31
1708,Hassan Najjar,53,Saudi Arabia,2020-06-08
1709,Tariq Darwish,33,Qatar,2022-11-24
1710,Yousef Qasem,25,Saudi Arabia,2021-05-30
1711,Ahmad Najjar,46,Jordan,2022-02-09
1712,Ahmad Al-Momani,33,Saudi Arabia,2021-04-01
1713,Tariq Omari,18,Jordan,2022-11-23
1714,Tariq Najjar,43,Egypt,2022-04-11
1715,Sara Khoury,29,Saudi Arabia,2021-12-23
1716,Ali Darwish,34,Jordan,2021-12-07
1717,Lina Al-Smadi,38,Saudi Arabia,2022-09-24
1718,Aya Hammad,36,Saudi Arabia,2022-09-14
1719,Lina Hammad,42,Saudi Arabia,2023-05-22
1720,Mona Rabie,30,Jordan,2020-01-14
1721,Khaled Qasem,40,Egypt,2022-10-24
1722,Mona Qasem,32,Egypt,2020-10-11
1723,Mona Najjar,42,Saudi Arabia,2022-06-19
1724,Rania Saleh,41,Qatar,2020-12-05
1725,Tariq Barakat,25,Jordan,2021-04-16
1726,Salma Hammad,45,Saudi Arabia,2020-06-06
1727,Mona Haddad,29,Saudi Arabia,2022-11-19
1728,Zain Saleh,43,Saudi Arabia,2023-08-10
1729,Omar Omari,38,Saudi Arabia,2021-07-29
1730,Yousef Shami,53,Jordan,2021-03-09
1731,Majed Saleh,32,Jordan,2020-11-03
1732,Salma Al-Smadi,31,Jordan,2021-01-17
1733,Yousef Barakat,34,Jordan,2020-11-18
1734,Rami Darwish,31,UAE,2022-01-11
1735,Sara Masri,42,Jordan,2023-05-17
1736,Lina Darwish,18,Jordan,2024-01-09
1737,Rania Haddad,24,Saudi Arabia,2020-08-30
1738,Noor Najjar,24,Saudi Arabia,2023-09-15
1739,Yousef Shami,44,Egypt,2021-04-16
1740,Lina Khoury,52,Saudi Arabia,2022-04-29
1741,Ahmad Qasem,33,Jordan,2021-11-07
1742,Aya Masri,33,Egypt,2024-01-15
1743,Salma Masri,35,Saudi Arabia,2020-08-20
1744,Salma Masri,46,Jordan,2022-09-13
1745,Lina Najjar,25,Saudi Arabia,2023-10-14
1746,Noor Ayoub,37,Egypt,2022-09-07
1747,Tariq Masri,44,Jordan,2022-09-08
1748,Mona Ayoub,40,Jordan,2021-03-07
1749,Hassan Rabie,36,Jordan,2023-04-24
1750,Majed Al-Momani,45,Jordan,2020-11-26
1751,Huda Najjar,18,Saudi Arabia,2023-08-18
1752,Lina Barakat,41,Saudi Arabia,2022-04-21
1753,Hassan Al-Momani,28,Jordan,2020-02-15
1754,Mona Najjar,18,Egypt,2021-05-14
1755,Huda Qasem,40,UAE,2020-03-29
1756,Salma Saleh,48,Saudi Arabia,2020-09-18
1757,Huda Masri,33,Egypt,2023-03-20
1758,Salma Saleh,44,Jordan,2023-04-28
1759,Mona Shami,51,Saudi Arabia,2020-11-25
1760,Rania Omari,48,Saudi Arabia,2020-10-02
1761,Mona Qasem,51,Egypt,2023-07-13
1762,Mona Shami,42,UAE,2022-11-15
1763,Hassan Haddad,35,Jordan,2020-03-21
1764,Mona Najjar,18,Egypt,2023-03-18
1765,Tariq Masri,32,Jordan,2020-10-27
1766,Ali Ayoub,26,Egypt,2020-04-24
1767,Noor Al-Smadi,56,Qatar,2020-12-06
1768,Ahmad Haddad,33,Jordan,2021-06-12
1769,Yousef Ayoub,36,UAE,2021-01-03
1770,Salma Qasem,40,Jordan,2022-11-24
1771,Farah Hammad,35,Saudi Arabia,2022-04-10
1772,Ahmad Saleh,51,Saudi Arabia,2023-05-12
1773,Ahmad Saleh,28,Saudi Arabia,2023-02-28
1774,Tariq Shami,36,Egypt,2023-07-29
1775,Mona Al-Momani,27,Saudi Arabia,2020-02-08
1776,Majed Al-Smadi,21,Saudi Arabia,2024-01-13
1777,Khaled Khoury,28,Egypt,2024-01-30
1778,Ali Khoury,34,Qatar,2023-09-17
1779,Khaled Qasem,30,Jordan,2021-08-03
1780,Hassan Haddad,28,Qatar,2020-06-24
1781,Tariq Masri,20,Jordan,2021-03-19
1782,Ahmad Qasem,34,Egypt,2022-07-08
1783,Farah Al-Momani,19,Jordan,2023-05-27
1784,Majed Al-Momani,42,Jordan,2022-08-23
1785,Rami Darwish,35,Saudi Arabia,2022-09-13
1786,Rania Ayoub,20,Saudi Arabia,2020-12-15
1787,Noor Qasem,31,Jordan,2021-03-25
1788,Ali Darwish,27,Jordan,2022-04-21
1789,Tariq Qasem,38,Saudi Arabia,2023-05-15
1790,Yousef Saleh,48,Egypt,2020-10-19
1791,Lina Omari,18,Jordan,2023-04-08
1792,Khaled Khoury,36,Jordan,2021-01-07
1793,Ali Shami,33,Saudi Arabia,2023-06-30
1794,Rami Najjar,41,Jordan,2023-09-12
1795,Sara Shami,37,Egypt,2022-11-12
1796,Lina Darwish,27,Egypt,2021-06-25
1797,Khaled Barakat,31,Saudi Arabia,2020-12-09
1798,Majed Omari,27,Jordan,2024-01-23
1799,Noor Ayoub,45,UAE,2023-11-05
1800,Zain Haddad,35,Saudi Arabia,2021-12-02
1801,Huda Darwish,54,Egypt,2022-07-17
1802,Yousef Ayoub,34,Saudi Arabia,2023-05-06
1803,Yousef Darwish,27,UAE,2023-04-24
1804,Ali Masri,19,Saudi Arabia,2020-05-20
1805,Noor Qasem,18,Saudi Arabia,2021-04-15
1806,Rami Masri,19,Qatar,2022-02-13
1807,Rania Haddad,37,Saudi Arabia,2022-02-28
1808,Aya Omari,40,Saudi Arabia,2020-09-27
1809,Hassan Khoury,19,Jordan,2020-08-10
1810,Majed Khoury,43,Saudi Arabia,2020-02-03
1811,Farah Rabie,30,Saudi Arabia,2021-02-18
1812,Lina Haddad,36,Jordan,2022-12-06
1813,Zain Rabie,51,Jordan,2022-10-29
1814,Ali Khoury,43,Saudi Arabia,2023-11-02
1815,Huda Omari,32,UAE,2022-05-09
1816,Huda Barakat,26,Saudi Arabia,2020-11-02
1817,Huda Omari,18,Jordan,2023-05-25
1818,Aya Ayoub,27,Saudi Arabia,2020-07-16
1819,Khaled Darwish,32,Jordan,2020-12-29
1820,Salma Shami,25,Saudi Arabia,2022-09-01
1821,Huda Masri,33,Jordan,2023-06-13
1822,Rami Hammad,35,Jordan,2023-05-13
1823,Zain Saleh,32,Jordan,2020-03-20
1824,Tariq Al-Momani,28,Jordan,2022-12-24
1825,Sara Saleh,36,Jordan,2022-10-27
1826,Farah Omari,39,Jordan,2020-08-28
1827,Rami Omari,24,Saudi Arabia,2020-07-09
1828,Noor Shami,49,Saudi Arabia,2022-09-14
1829,Ahmad Najjar,34,Jordan,2023-09-12
1830,Majed Al-Smadi,35,Egypt,2020-09-23
1831,Sara Omari,42,Jordan,2023-05-20
1832,Tariq Hammad,37,Saudi Arabia,2023-01-09
1833,Noor Ayoub,44,Jordan,2020-01-03
1834,Sara Darwish,37,Jordan,2023-10-21
1835,Rania Saleh,28,Saudi Arabia,2023-08-22
1836,Yousef Saleh,38,Saudi Arabia,2022-06-02
1837,Yousef Shami,23,Egypt,2022-12-05
1838,Rami Najjar,36,Saudi Arabia,2022-05-11
1839,Hassan Najjar,34,Qatar,2022-01-28
1840,Rania Masri,32,Jordan,2020-03-29
1841,Huda Masri,33,Jordan,2023-11-29
1842,Ahmad Darwish,18,Jordan,2022-12-21
1843,Aya Rabie,29,Jordan,2022-05-28
1844,Ali Al-Smadi,35,Saudi Arabia,2021-04-14
1845,Lina Hammad,36,Saudi Arabia,2022-09-14
1846,Tariq Al-Smadi,24,Jordan,2022-02-19
1847,Lina Rabie,47,Egypt,2021-12-18
1848,Mona Shami,26,Egypt,2023-04-21
1849,Tariq Al-Smadi,44,Jordan,2023-11-27
1850,Zain Barakat,39,Jordan,2023-03-25
1851,Huda Rabie,28,Jordan,2020-07-19
1852,Hassan Haddad,52,Jordan,2022-05-21
1853,Rami Al-Momani,23,Jordan,2020-10-01
1854,Noor Khoury,44,Saudi Arabia,2021-06-05
1855,Sara Najjar,45,Jordan,2022-09-04
1856,Mona Al-Smadi,28,Jordan,2021-04-21
1857,Salma Hammad,48,Qatar,2020-06-20
1858,Hassan Omari,32,Saudi Arabia,2021-08-03
1859,Khaled Saleh,37,Egypt,2023-05-10
1860,Sara Omari,37,Jordan,2023-01-18
1861,Lina Al-Smadi,33,Jordan,2022-04-16
1862,Yousef Shami,43,Saudi Arabia,2021-06-11
1863,Sara Haddad,42,Jordan,2021-01-22
1864,Majed Barakat,18,Jordan,2020-01-12
1865,Farah Hammad,48,Saudi Arabia,2023-12-23
1866,Tariq Al-Smadi,18,Saudi Arabia,2020-01-15
1867,Omar Omari,45,Saudi Arabia,2023-03-29
1868,Aya Ayoub,46,Saudi Arabia,2022-12-06
1869,Lina Ayoub,24,Saudi Arabia,2020-08-29
1870,Zain Omari,30,Jordan,2022-11-30
1871,Huda Shami,23,Jordan,2020-01-15
1872,Sara Barakat,32,Jordan,2022-02-07
1873,Salma Al-Momani,31,Jordan,2023-09-02
1874,Lina Al-Momani,42,Qatar,2021-02-24
1875,Aya Najjar,48,Saudi Arabia,2023-11-09
1876,Hassan Haddad,48,UAE,2021-10-08
1877,Salma Darwish,29,Jordan,2022-04-17
1878,Huda Hammad,32,Jordan,2022-01-11
1879,Huda Al-Momani,18,Jordan,2020-08-06
1880,Farah Masri,26,Jordan,2020-11-12
1881,Omar Masri,44,Jordan,2022-05-22
1882,Mona Shami,51,UAE,2023-08-27
1883,Noor Omari,22,Saudi Arabia,2023-04-13
1884,Yousef Hammad,29,Saudi Arabia,2021-06-03
1885,Huda Rabie,34,Saudi Arabia,2021-06-19
1886,Zain Masri,37,Egypt,2023-01-02
1887,Tariq Ayoub,26,Jordan,2022-05-17
1888,Yousef Al-Momani,39,Jordan,2023-03-02
1889,Lina Haddad,30,Jordan,2022-01-18
1890,Lina Masri,34,UAE,2023-06-07
1891,Salma Najjar,40,Qatar,2021-07-18
1892,Zain Najjar,35,Jordan,2023-10-25
1893,Huda Barakat,30,Egypt,2022-03-24
1894,Rami Hammad,33,Egypt,2021-02-21
1895,Sara Barakat,34,Jordan,2022-04-26
1896,Rania Masri,31,Jordan,2023-02-04
1897,Hassan Darwish,32,Saudi Arabia,2023-02-15
1898,Omar Ayoub,50,Qatar,2022-09-15
1899,Hassan Barakat,40,Jordan,2021-01-01
1900,Farah Masri,32,UAE,2022-01-28
1901,Farah Barakat,41,Jordan,2023-02-19
1902,Salma Khoury,31,UAE,2023-02-10
1903,Ali Darwish,46,Saudi Arabia,2022-09-17
1904,Khaled Shami,38,Saudi Arabia,2021-06-03
1905,Salma Al-Momani,33,Egypt,2021-09-20
1906,Khaled Shami,39,Egypt,2023-03-29
1907,Sara Qasem,19,Egypt,2021-12-06
1908,Omar Najjar,23,Jordan,2023-12-15
1909,Aya Haddad,23,Saudi Arabia,2022-03-26
1910,Salma Ayoub,36,Jordan,2020-10-09
1911,Majed Saleh,52,Saudi Arabia,2023-09-12
1912,Noor Qasem,57,Saudi Arabia,2020-08-31
1913,Mona Darwish,41,Saudi Arabia,2021-04-15
1914,Ahmad Darwish,40,Saudi Arabia,2022-07-03
1915,Sara Al-Smadi,18,Qatar,2023-12-03
1916,Majed Al-Momani,29,Jordan,2020-11-27
1917,Omar Khoury,27,Saudi Arabia,2020-07-24
1918,Yousef Al-Smadi,28,Jordan,2021-03-15
1919,Ali Darwish,33,Jordan,2022-11-07
1920,Salma Qasem,30,Jordan,2022-03-31
1921,Hassan Hammad,18,Egypt,2021-11-24
1922,Farah Darwish,42,Egypt,2023-02-01
1923,Zain Saleh,24,Egypt,2023-06-11
1924,Salma Al-Momani,37,Qatar,2023-11-28
1925,Rania Qasem,55,Jordan,2023-11-02
1926,Huda Khoury,25,Jordan,2023-12-18
1927,Sara Khoury,18,Saudi Arabia,2020-04-16
1928,Sara Qasem,32,Saudi Arabia,2020-11-25
1929,Yousef Darwish,46,Saudi Arabia,2022-03-07
1930,Huda Qasem,54,Jordan,2023-07-26
1931,Aya Saleh,22,Saudi Arabia,2020-01-11
1932,Majed Hammad,39,Saudi Arabia,2020-07-05
1933,Sara Khoury,30,Jordan,2020-10-24
1934,Zain Omari,33,Saudi Arabia,2022-08-23
1935,Khaled Al-Smadi,61,Saudi Arabia,2023-05-14
1936,Khaled Al-Momani,19,Saudi Arabia,2022-06-10
1937,Zain Al-Momani,37,Jordan,2020-06-29
1938,Tariq Masri,39,UAE,2020-05-11
1939,Ali Khoury,45,Jordan,2021-06-22
1940,Mona Al-Momani,35,Jordan,2021-03-30
1941,Omar Omari,38,UAE,2022-01-29
1942,Huda Omari,31,Saudi Arabia,2020-06-12
1943,Omar Haddad,37,Jordan,2023-06-01
1944,Ahmad Najjar,31,Saudi Arabia,2020-03-18
1945,Farah Qasem,41,Saudi Arabia,2024-01-23
1946,Rami Haddad,31,UAE,2022-02-26
1947,Noor Haddad,38,UAE,2022-03-31
1948,Rami Omari,34,Saudi Arabia,2023-06-11
1949,Lina Darwish,46,Saudi Arabia,2023-09-05
1950,Omar Najjar,34,Jordan,2022-12-03
1951,Zain Khoury,18,Jordan,2021-08-09
1952,Farah Al-Momani,47,Saudi Arabia,2023-12-28
1953,Rami Omari,25,Saudi Arabia,2023-05-08
1954,Majed Hammad,28,Saudi Arabia,2020-04-27
1955,Sara Shami,29,Jordan,2020-12-24
1956,Tariq Qasem,48,Jordan,2023-08-04
1957,Noor Al-Smadi,18,Saudi Arabia,2022-10-09
1958,Ahmad Ayoub,66,Jordan,2022-06-18
1959,Majed Haddad,45,UAE,2020-01-22
1960,Noor Haddad,37,Jordan,2021-02-17
1961,Rami Darwish,34,Saudi Arabia,2023-09-07
1962,Lina Rabie,37,Egypt,2022-11-27
1963,Majed Hammad,40,Jordan,2021-08-08
1964,Lina Barakat,41,Saudi Arabia,2021-02-02
1965,Farah Al-Smadi,40,Jordan,2020-03-09
1966,Ali Ayoub,35,Saudi Arabia,2023-05-12
1967,Omar Barakat,33,Saudi Arabia,2022-11-11
1968,Ali Shami,33,Saudi Arabia,2022-11-22
1969,Noor Saleh,33,Saudi Arabia,2023-12-01
1970,Huda Haddad,46,Egypt,2021-04-19
1971,Ali Qasem,40,Jordan,2023-06-13
1972,Zain Barakat,18,Jordan,2020-12-13
1973,Aya Barakat,41,Egypt,2023-10-12
1974,Zain Rabie,36,Saudi Arabia,2020-03-14
1975,Aya Khoury,34,Egypt,2022-01-06
1976,Sara Masri,31,Saudi Arabia,2021-05-04
1977,Noor Al-Momani,46,Egypt,2023-09-03
1978,Farah Hammad,44,Saudi Arabia,2020-01-01
1979,Ali Haddad,27,UAE,2020-11-18
1980,Khaled Darwish,39,Egypt,2020-06-26
1981,Farah Al-Smadi,25,Saudi Arabia,2021-07-19
1982,Salma Al-Momani,21,Jordan,2022-03-29
1983,Tariq Ayoub,28,Jordan,2021-12-24
1984,Hassan Darwish,43,Jordan,2023-10-03
1985,Hassan Najjar,44,Jordan,2022-03-20
1986,Sara Qasem,40,Jordan,2022-04-10
1987,Tariq Al-Smadi,42,Saudi Arabia,2023-04-15
1988,Noor Barakat,40,Saudi Arabia,2021-02-14
1989,Hassan Masri,28,Saudi Arabia,2022-11-26
1990,Hassan Omari,39,Saudi Arabia,2020-02-01
1991,Khaled Shami,43,Jordan,2023-12-12
1992,Noor Masri,42,Jordan,2020-05-20
1993,Ahmad Darwish,46,Jordan,2020-07-03
1994,Yousef Omari,42,Saudi Arabia,2023-01-30
1995,Rania Darwish,38,Jordan,2021-08-05
1996,Khaled Haddad,45,Jordan,2024-01-27
1997,Omar Rabie,34,Saudi Arabia,2023-02-19
1998,Zain Al-Smadi,26,Egypt,2023-04-08
1999,Khaled Qasem,33,Jordan,2021-12-13
2000,Noor Hammad,27,Saudi Arabia,2021-12-12
